-- MySQL dump 10.13  Distrib 5.6.45, for Linux (x86_64)
--
-- Host: localhost    Database: xx
-- ------------------------------------------------------
-- Server version	5.6.45-log

/*!40101 SET @OLD_CHARACTER_SET_CLIENT=@@CHARACTER_SET_CLIENT */;
/*!40101 SET @OLD_CHARACTER_SET_RESULTS=@@CHARACTER_SET_RESULTS */;
/*!40101 SET @OLD_COLLATION_CONNECTION=@@COLLATION_CONNECTION */;
/*!40101 SET NAMES utf8mb4 */;
/*!40103 SET @OLD_TIME_ZONE=@@TIME_ZONE */;
/*!40103 SET TIME_ZONE='+00:00' */;
/*!40014 SET @OLD_UNIQUE_CHECKS=@@UNIQUE_CHECKS, UNIQUE_CHECKS=0 */;
/*!40014 SET @OLD_FOREIGN_KEY_CHECKS=@@FOREIGN_KEY_CHECKS, FOREIGN_KEY_CHECKS=0 */;
/*!40101 SET @OLD_SQL_MODE=@@SQL_MODE, SQL_MODE='NO_AUTO_VALUE_ON_ZERO' */;
/*!40111 SET @OLD_SQL_NOTES=@@SQL_NOTES, SQL_NOTES=0 */;

--
-- Table structure for table `balance_log`
--

DROP TABLE IF EXISTS `balance_log`;
/*!40101 SET @saved_cs_client     = @@character_set_client */;
/*!40101 SET character_set_client = utf8 */;
CREATE TABLE `balance_log` (
  `id` int(11) NOT NULL AUTO_INCREMENT,
  `member_id` int(11) NOT NULL DEFAULT '0',
  `type` tinyint(1) NOT NULL DEFAULT '0' COMMENT '1加2减3最终',
  `price` decimal(10,2) unsigned NOT NULL DEFAULT '0.00',
  `remark` varchar(255) NOT NULL,
  `create_time` int(11) NOT NULL DEFAULT '0',
  `update_time` int(11) NOT NULL DEFAULT '0',
  PRIMARY KEY (`id`) USING BTREE,
  KEY `nor_member_id` (`member_id`) USING BTREE
) ENGINE=InnoDB AUTO_INCREMENT=52 DEFAULT CHARSET=utf8 ROW_FORMAT=DYNAMIC;
/*!40101 SET character_set_client = @saved_cs_client */;

--
-- Dumping data for table `balance_log`
--

LOCK TABLES `balance_log` WRITE;
/*!40000 ALTER TABLE `balance_log` DISABLE KEYS */;
INSERT INTO `balance_log` VALUES (22,17,1,0.01,'用户微信充值0.01赠送0.00 订单号:RE2020020560306',1580868653,1580868653),(23,17,1,0.01,'用户微信充值0.01赠送0.00 订单号:RE2020020596818',1580868802,1580868802),(24,20,1,2.00,'用户微信充值1.00赠送1.00 订单号:RE2020020413346',1580872702,1580872702),(25,20,2,0.01,'订单消费0.01元 SE2020020638067',1580999878,1580999878),(26,20,2,0.01,'订单消费0.01元 SE2020020622725',1580999894,1580999894),(27,20,2,0.11,'订单消费0.11元 SE2020020698073',1580999913,1580999913),(28,20,2,0.01,'订单消费0.01元 SE2020020650927',1581000077,1581000077),(29,20,2,0.01,'订单消费0.01元 SE2020020774826',1581057485,1581057485),(30,20,2,0.01,'订单消费0.01元 SE2020020793959',1581057544,1581057544),(31,15,3,100.00,'后台操作:开发测试',1581133820,1581133820),(32,15,2,69.00,'订单消费69元 SE2020020881963',1581133957,1581133957),(33,15,2,10.01,'订单消费10.01元 SE2020020818400',1581134013,1581134013),(34,15,2,0.01,'订单消费0.01元 SE2020020893524',1581134303,1581134303),(35,15,2,0.01,'订单消费0.01元 SE2020020829519',1581134307,1581134307),(36,15,2,0.01,'订单消费0.01元 SE2020020849684',1581134573,1581134573),(37,15,2,0.01,'订单消费0.01元 SE2020020832980',1581134729,1581134729),(38,15,2,0.01,'订单消费0.01元 SE2020020846619',1581134744,1581134744),(39,20,2,0.01,'订单消费0.01元 SE2020020899994',1581155196,1581155196),(40,20,2,1.83,'订单消费1.83元 SE2020020866126',1581155348,1581155348),(41,20,1,1.83,'用户取消订单 退还余额 SE2020020866126',1581155365,1581155365),(42,20,2,0.01,'订单消费0.01元 SE2020022248440',1582364681,1582364681),(43,20,2,0.01,'订单消费0.01元 SE2020022212462',1582364682,1582364682),(44,45,1,101.00,'用户微信充值100.00赠送1.00 订单号:RE2020022965415',1582987865,1582987865),(45,57,1,0.01,'用户微信充值0.01赠送0.00 订单号:RE2020030461193',1583303275,1583303275),(46,20,2,1.00,'订单消费1元 SE2020031187800',1583907074,1583907074),(47,20,2,0.81,'订单消费0.81元 SE2020031165632',1583907080,1583907080),(48,176,1,200.00,'用户微信充值200.00赠送0.00 订单号:RE2020042980544',1588128895,1588128895),(49,176,2,59.00,'订单消费59元 SE2020050849672',1588918008,1588918008),(50,187,1,79.00,'用户微信充值79.00赠送0.00 订单号:RE2020051314498',1589300527,1589300527),(51,187,2,79.00,'订单消费79.00元 SE2020051333432',1589300701,1589300701);
/*!40000 ALTER TABLE `balance_log` ENABLE KEYS */;
UNLOCK TABLES;

--
-- Table structure for table `banner`
--

DROP TABLE IF EXISTS `banner`;
/*!40101 SET @saved_cs_client     = @@character_set_client */;
/*!40101 SET character_set_client = utf8 */;
CREATE TABLE `banner` (
  `id` int(11) NOT NULL AUTO_INCREMENT,
  `sort` int(11) NOT NULL DEFAULT '0' COMMENT '排序',
  `img_path` varchar(255) CHARACTER SET utf8mb4 NOT NULL DEFAULT '' COMMENT '图片路径',
  `create_time` int(11) NOT NULL DEFAULT '0' COMMENT '创建时间',
  `update_time` int(11) NOT NULL DEFAULT '0' COMMENT '修改时间',
  PRIMARY KEY (`id`) USING BTREE,
  KEY `nor_sort` (`sort`) USING BTREE
) ENGINE=InnoDB AUTO_INCREMENT=35 DEFAULT CHARSET=utf8 ROW_FORMAT=DYNAMIC;
/*!40101 SET character_set_client = @saved_cs_client */;

--
-- Dumping data for table `banner`
--

LOCK TABLES `banner` WRITE;
/*!40000 ALTER TABLE `banner` DISABLE KEYS */;
INSERT INTO `banner` VALUES (32,3,'/upload/2020/02/04/db45091097f62452886bb4e9c5272a33.jpeg',1579241384,1582724251),(33,2,'/upload/2020/02/04/3b4e65e3a3467fefe1c174d6640056ff.jpeg',1580799755,1580799755),(34,0,'/upload/2020/02/26/e5856bed803f50f3c2e42ea847955890.jpeg',1582724152,1582724152);
/*!40000 ALTER TABLE `banner` ENABLE KEYS */;
UNLOCK TABLES;

--
-- Table structure for table `config_group`
--

DROP TABLE IF EXISTS `config_group`;
/*!40101 SET @saved_cs_client     = @@character_set_client */;
/*!40101 SET character_set_client = utf8 */;
CREATE TABLE `config_group` (
  `id` bigint(20) unsigned NOT NULL AUTO_INCREMENT,
  `name` varchar(191) COLLATE utf8mb4_unicode_ci NOT NULL COMMENT '名称',
  `sort` tinyint(4) NOT NULL DEFAULT '10' COMMENT '排序',
  `created_at` timestamp NULL DEFAULT NULL,
  `updated_at` timestamp NULL DEFAULT NULL,
  PRIMARY KEY (`id`) USING BTREE
) ENGINE=InnoDB AUTO_INCREMENT=3 DEFAULT CHARSET=utf8mb4 COLLATE=utf8mb4_unicode_ci ROW_FORMAT=DYNAMIC COMMENT='配置组表';
/*!40101 SET character_set_client = @saved_cs_client */;

--
-- Dumping data for table `config_group`
--

LOCK TABLES `config_group` WRITE;
/*!40000 ALTER TABLE `config_group` DISABLE KEYS */;
INSERT INTO `config_group` VALUES (1,'系统配置',1,'2019-12-26 08:36:13','2019-12-26 08:36:13'),(2,'站点配置',2,'2019-12-26 08:36:13','2019-12-26 08:36:13');
/*!40000 ALTER TABLE `config_group` ENABLE KEYS */;
UNLOCK TABLES;

--
-- Table structure for table `configuration`
--

DROP TABLE IF EXISTS `configuration`;
/*!40101 SET @saved_cs_client     = @@character_set_client */;
/*!40101 SET character_set_client = utf8 */;
CREATE TABLE `configuration` (
  `id` bigint(20) unsigned NOT NULL AUTO_INCREMENT,
  `group_id` int(11) NOT NULL DEFAULT '0' COMMENT '组ID',
  `label` varchar(191) COLLATE utf8mb4_unicode_ci NOT NULL COMMENT '配置项名称',
  `key` varchar(191) COLLATE utf8mb4_unicode_ci NOT NULL COMMENT '配置项字段',
  `val` varchar(191) COLLATE utf8mb4_unicode_ci DEFAULT NULL COMMENT '配置项值',
  `type` varchar(191) COLLATE utf8mb4_unicode_ci NOT NULL DEFAULT 'input' COMMENT '配置项类型，input输入框，radio单选，select下拉,image单图片',
  `content` text COLLATE utf8mb4_unicode_ci COMMENT '配置项类型的内容',
  `tips` varchar(191) COLLATE utf8mb4_unicode_ci DEFAULT NULL COMMENT '输入提示',
  `sort` tinyint(4) NOT NULL DEFAULT '10' COMMENT '排序',
  `created_at` timestamp NULL DEFAULT NULL,
  `updated_at` timestamp NULL DEFAULT NULL,
  PRIMARY KEY (`id`) USING BTREE
) ENGINE=InnoDB AUTO_INCREMENT=8 DEFAULT CHARSET=utf8mb4 COLLATE=utf8mb4_unicode_ci ROW_FORMAT=DYNAMIC COMMENT='配置项表';
/*!40101 SET character_set_client = @saved_cs_client */;

--
-- Dumping data for table `configuration`
--

LOCK TABLES `configuration` WRITE;
/*!40000 ALTER TABLE `configuration` DISABLE KEYS */;
INSERT INTO `configuration` VALUES (1,1,'登录日志','login_log','1','radio','0:关闭|1:开启','开启后将记录后台登录日志',10,'2019-12-26 08:36:13','2019-12-26 08:36:13'),(2,1,'删除登录日志','delete_login_log','1','radio','0:禁止|1:允许','开启后将允许后台删除登录日志',10,'2019-12-26 08:36:13','2019-12-26 08:36:13'),(3,1,'操作日志','operate_log','1','radio','0:关闭|1:开启','开启后将记录后台操作日志',10,'2019-12-26 08:36:13','2019-12-26 08:36:13'),(4,1,'删除操作日志','delete_operate_log','1','radio','0:禁止|1:允许','开启后将允许后台删除操作日志',10,'2019-12-26 08:36:13','2019-12-26 08:36:13'),(5,2,'标题','site_title','后台管理','input','','',10,'2019-12-26 08:36:13','2019-12-26 08:36:13'),(6,2,'关键词','site_keywords','后台管理','input','','',10,'2019-12-26 08:36:13','2019-12-26 08:36:13'),(7,2,'描述','site_description','后台管理','textarea','','',10,'2019-12-26 08:36:13','2019-12-26 08:36:13');
/*!40000 ALTER TABLE `configuration` ENABLE KEYS */;
UNLOCK TABLES;

--
-- Table structure for table `coupon`
--

DROP TABLE IF EXISTS `coupon`;
/*!40101 SET @saved_cs_client     = @@character_set_client */;
/*!40101 SET character_set_client = utf8 */;
CREATE TABLE `coupon` (
  `id` int(11) NOT NULL AUTO_INCREMENT,
  `face_value` decimal(10,2) NOT NULL DEFAULT '0.00' COMMENT '优惠券面值',
  `validity_time` int(11) NOT NULL DEFAULT '0' COMMENT '领取后的有效期  单位 天',
  `full` decimal(10,2) NOT NULL DEFAULT '0.00' COMMENT '订单金额满多少可用 0为无门槛',
  `total` int(11) NOT NULL DEFAULT '0' COMMENT '优惠券总数量',
  `receive_num` int(11) NOT NULL DEFAULT '0' COMMENT '优惠券已领取数量',
  `start_time` int(11) NOT NULL DEFAULT '0' COMMENT '优惠券可以开始领取时间',
  `end_time` int(11) NOT NULL DEFAULT '0' COMMENT '优惠券结束领取时间',
  `create_time` int(11) NOT NULL DEFAULT '0',
  `update_time` int(11) NOT NULL DEFAULT '0',
  PRIMARY KEY (`id`) USING BTREE,
  KEY `nor_end_time` (`end_time`) USING BTREE,
  KEY `nor_start_time` (`start_time`) USING BTREE
) ENGINE=InnoDB AUTO_INCREMENT=6 DEFAULT CHARSET=utf8 ROW_FORMAT=DYNAMIC;
/*!40101 SET character_set_client = @saved_cs_client */;

--
-- Dumping data for table `coupon`
--

LOCK TABLES `coupon` WRITE;
/*!40000 ALTER TABLE `coupon` DISABLE KEYS */;
INSERT INTO `coupon` VALUES (5,10.00,1,69.00,3,1,1581004800,1581091200,1580809716,1581057923);
/*!40000 ALTER TABLE `coupon` ENABLE KEYS */;
UNLOCK TABLES;

--
-- Table structure for table `coupon_log`
--

DROP TABLE IF EXISTS `coupon_log`;
/*!40101 SET @saved_cs_client     = @@character_set_client */;
/*!40101 SET character_set_client = utf8 */;
CREATE TABLE `coupon_log` (
  `id` int(11) NOT NULL AUTO_INCREMENT,
  `member_id` int(11) NOT NULL DEFAULT '0' COMMENT '用户id',
  `coupon_id` int(11) NOT NULL DEFAULT '0' COMMENT '优惠券id',
  `face_value` decimal(10,2) NOT NULL DEFAULT '0.00' COMMENT '优惠券面值',
  `validity_time` int(11) NOT NULL DEFAULT '0' COMMENT '领取后的有效期  单位 天',
  `full` decimal(10,2) NOT NULL DEFAULT '0.00' COMMENT '订单金额满多少可用 0为无门槛',
  `create_time` int(11) NOT NULL DEFAULT '0' COMMENT '优惠券领取时间',
  `status` int(11) NOT NULL DEFAULT '0' COMMENT '0为未使用 1为已使用',
  `expire_time` int(11) NOT NULL DEFAULT '0' COMMENT '到期时间',
  `update_time` int(11) NOT NULL,
  PRIMARY KEY (`id`) USING BTREE,
  KEY `nor_member_id` (`member_id`) USING BTREE,
  KEY `nor_coupon_id` (`coupon_id`) USING BTREE,
  KEY `nor_full` (`full`) USING BTREE,
  KEY `nor_status` (`status`) USING BTREE,
  KEY `nor_expire_time` (`expire_time`) USING BTREE
) ENGINE=InnoDB AUTO_INCREMENT=10 DEFAULT CHARSET=utf8 ROW_FORMAT=DYNAMIC;
/*!40101 SET character_set_client = @saved_cs_client */;

--
-- Dumping data for table `coupon_log`
--

LOCK TABLES `coupon_log` WRITE;
/*!40000 ALTER TABLE `coupon_log` DISABLE KEYS */;
INSERT INTO `coupon_log` VALUES (7,17,1,10.00,1,20.00,1579246401,1,1579332801,1579247092),(8,17,2,50.00,7,100.00,1579334104,1,1579938904,1579334163),(9,20,5,10.00,1,69.00,1580809735,0,1580896135,1580809735);
/*!40000 ALTER TABLE `coupon_log` ENABLE KEYS */;
UNLOCK TABLES;

--
-- Table structure for table `login_log`
--

DROP TABLE IF EXISTS `login_log`;
/*!40101 SET @saved_cs_client     = @@character_set_client */;
/*!40101 SET character_set_client = utf8 */;
CREATE TABLE `login_log` (
  `id` bigint(20) unsigned NOT NULL AUTO_INCREMENT,
  `username` varchar(191) COLLATE utf8mb4_unicode_ci NOT NULL COMMENT '登录用户名',
  `ip` varchar(45) COLLATE utf8mb4_unicode_ci NOT NULL COMMENT '登录IP地址',
  `method` varchar(191) COLLATE utf8mb4_unicode_ci NOT NULL COMMENT '请求方式',
  `user_agent` varchar(191) COLLATE utf8mb4_unicode_ci NOT NULL COMMENT 'UserAgent',
  `remark` varchar(191) COLLATE utf8mb4_unicode_ci DEFAULT NULL COMMENT '备注',
  `created_at` timestamp NULL DEFAULT NULL,
  `updated_at` timestamp NULL DEFAULT NULL,
  PRIMARY KEY (`id`) USING BTREE
) ENGINE=InnoDB AUTO_INCREMENT=217 DEFAULT CHARSET=utf8mb4 COLLATE=utf8mb4_unicode_ci ROW_FORMAT=DYNAMIC;
/*!40101 SET character_set_client = @saved_cs_client */;

--
-- Dumping data for table `login_log`
--

LOCK TABLES `login_log` WRITE;
/*!40000 ALTER TABLE `login_log` DISABLE KEYS */;
INSERT INTO `login_log` VALUES (1,'wurui','192.168.18.73','POST','Mozilla/5.0 (Windows NT 10.0; Win64; x64) AppleWebKit/537.36 (KHTML, like Gecko) Chrome/79.0.3945.88 Safari/537.36','登录成功','2019-12-27 06:42:18','2019-12-27 06:42:18'),(2,'wurui','192.168.18.73','POST','Mozilla/5.0 (Windows NT 10.0; Win64; x64) AppleWebKit/537.36 (KHTML, like Gecko) Chrome/79.0.3945.88 Safari/537.36','登录成功','2019-12-27 07:12:08','2019-12-27 07:12:08'),(3,'admin','127.0.0.1','POST','Mozilla/5.0 (Windows NT 10.0; Win64; x64) AppleWebKit/537.36 (KHTML, like Gecko) Chrome/79.0.3945.88 Safari/537.36','登录成功','2019-12-28 01:58:36','2019-12-28 01:58:36'),(4,'admin','127.0.0.1','POST','Mozilla/5.0 (Windows NT 10.0; Win64; x64) AppleWebKit/537.36 (KHTML, like Gecko) Chrome/79.0.3945.88 Safari/537.36','登录成功','2019-12-28 06:02:08','2019-12-28 06:02:08'),(5,'admin','127.0.0.1','POST','Mozilla/5.0 (Windows NT 10.0; Win64; x64) AppleWebKit/537.36 (KHTML, like Gecko) Chrome/79.0.3945.88 Safari/537.36','登录成功','2019-12-30 02:15:46','2019-12-30 02:15:46'),(6,'admin','127.0.0.1','POST','Mozilla/5.0 (Windows NT 10.0; Win64; x64) AppleWebKit/537.36 (KHTML, like Gecko) Chrome/79.0.3945.88 Safari/537.36','登录成功','2019-12-30 05:39:01','2019-12-30 05:39:01'),(7,'admin','117.67.218.137','POST','Mozilla/5.0 (Windows NT 10.0; Win64; x64) AppleWebKit/537.36 (KHTML, like Gecko) Chrome/79.0.3945.88 Safari/537.36','登录成功','2019-12-30 06:21:22','2019-12-30 06:21:22'),(8,'admin','117.67.218.137','POST','Mozilla/5.0 (Windows NT 10.0; Win64; x64) AppleWebKit/537.36 (KHTML, like Gecko) Chrome/77.0.3865.90 Safari/537.36','登录成功','2019-12-30 07:24:21','2019-12-30 07:24:21'),(9,'admin','117.67.218.137','POST','Mozilla/5.0 (Windows NT 10.0; Win64; x64) AppleWebKit/537.36 (KHTML, like Gecko) Chrome/79.0.3945.88 Safari/537.36','登录成功','2019-12-31 02:51:29','2019-12-31 02:51:29'),(10,'admin','117.67.218.137','POST','Mozilla/5.0 (Windows NT 10.0; Win64; x64) AppleWebKit/537.36 (KHTML, like Gecko) Chrome/77.0.3865.90 Safari/537.36','登录成功','2019-12-31 08:46:49','2019-12-31 08:46:49'),(11,'admin','117.67.218.137','POST','Mozilla/5.0 (Windows NT 10.0; Win64; x64) AppleWebKit/537.36 (KHTML, like Gecko) Chrome/79.0.3945.88 Safari/537.36','登录成功','2020-01-02 09:32:08','2020-01-02 09:32:08'),(12,'admin','117.67.218.137','POST','Mozilla/5.0 (Windows NT 10.0; Win64; x64) AppleWebKit/537.36 (KHTML, like Gecko) Chrome/79.0.3945.88 Safari/537.36','登录成功','2020-01-03 06:14:15','2020-01-03 06:14:15'),(13,'admin','117.67.218.137','POST','Mozilla/5.0 (Windows NT 10.0; Win64; x64) AppleWebKit/537.36 (KHTML, like Gecko) Chrome/77.0.3865.90 Safari/537.36','登录成功','2020-01-04 06:20:31','2020-01-04 06:20:31'),(14,'admin','117.67.218.137','POST','Mozilla/5.0 (Windows NT 10.0; Win64; x64) AppleWebKit/537.36 (KHTML, like Gecko) Chrome/79.0.3945.88 Safari/537.36','登录成功','2020-01-07 03:48:38','2020-01-07 03:48:38'),(15,'admin','117.67.218.137','POST','Mozilla/5.0 (Windows NT 10.0; Win64; x64) AppleWebKit/537.36 (KHTML, like Gecko) Chrome/78.0.3904.108 Safari/537.36','登录成功','2020-01-07 07:22:54','2020-01-07 07:22:54'),(16,'admin','117.67.218.137','POST','Mozilla/5.0 (Windows NT 10.0; WOW64; Trident/7.0; rv:11.0) like Gecko','登录成功','2020-01-07 08:17:22','2020-01-07 08:17:22'),(17,'admin','117.67.218.137','POST','Mozilla/5.0 (Windows NT 10.0; Win64; x64) AppleWebKit/537.36 (KHTML, like Gecko) Chrome/79.0.3945.88 Safari/537.36','登录成功','2020-01-08 01:21:21','2020-01-08 01:21:21'),(18,'admin','117.67.218.137','POST','Mozilla/5.0 (Windows NT 10.0; Win64; x64) AppleWebKit/537.36 (KHTML, like Gecko) Chrome/79.0.3945.88 Safari/537.36','登录成功','2020-01-08 06:57:32','2020-01-08 06:57:32'),(19,'admin','117.67.218.137','POST','Mozilla/5.0 (Windows NT 10.0; Win64; x64) AppleWebKit/537.36 (KHTML, like Gecko) Chrome/77.0.3865.90 Safari/537.36','登录成功','2020-01-08 08:47:44','2020-01-08 08:47:44'),(20,'admin','117.67.218.137','POST','Mozilla/5.0 (Windows NT 10.0; Win64; x64) AppleWebKit/537.36 (KHTML, like Gecko) Chrome/79.0.3945.88 Safari/537.36','登录成功','2020-01-09 01:35:54','2020-01-09 01:35:54'),(21,'admin','117.67.218.137','POST','Mozilla/5.0 (Windows NT 10.0; Win64; x64) AppleWebKit/537.36 (KHTML, like Gecko) Chrome/77.0.3865.90 Safari/537.36','登录成功','2020-01-09 01:48:20','2020-01-09 01:48:20'),(22,'admin','117.67.218.137','POST','Mozilla/5.0 (Windows NT 10.0; Win64; x64) AppleWebKit/537.36 (KHTML, like Gecko) Chrome/79.0.3945.117 Safari/537.36','登录成功','2020-01-09 07:01:00','2020-01-09 07:01:00'),(23,'admin','117.67.218.137','POST','Mozilla/5.0 (Windows NT 10.0; Win64; x64) AppleWebKit/537.36 (KHTML, like Gecko) Chrome/79.0.3945.117 Safari/537.36','登录成功','2020-01-10 00:55:01','2020-01-10 00:55:01'),(24,'admin','117.67.218.137','POST','Mozilla/5.0 (Windows NT 10.0; Win64; x64) AppleWebKit/537.36 (KHTML, like Gecko) Chrome/77.0.3865.90 Safari/537.36','登录成功','2020-01-10 03:53:23','2020-01-10 03:53:23'),(25,'admin','117.67.218.137','POST','Mozilla/5.0 (Windows NT 10.0; Win64; x64) AppleWebKit/537.36 (KHTML, like Gecko) Chrome/79.0.3945.117 Safari/537.36','登录成功','2020-01-10 08:09:47','2020-01-10 08:09:47'),(26,'admin','117.67.218.137','POST','Mozilla/5.0 (Windows NT 10.0; Win64; x64) AppleWebKit/537.36 (KHTML, like Gecko) Chrome/77.0.3865.90 Safari/537.36','登录成功','2020-01-10 08:41:12','2020-01-10 08:41:12'),(27,'admin','117.67.137.108','POST','Mozilla/5.0 (Windows NT 10.0; Win64; x64) AppleWebKit/537.36 (KHTML, like Gecko) Chrome/79.0.3945.117 Safari/537.36','登录成功','2020-01-11 03:11:05','2020-01-11 03:11:05'),(28,'admin','117.67.137.108','POST','Mozilla/5.0 (Windows NT 10.0; Win64; x64) AppleWebKit/537.36 (KHTML, like Gecko) Chrome/77.0.3865.90 Safari/537.36','登录成功','2020-01-11 06:19:04','2020-01-11 06:19:04'),(29,'admin','117.67.137.108','POST','Mozilla/5.0 (Windows NT 10.0; Win64; x64) AppleWebKit/537.36 (KHTML, like Gecko) Chrome/79.0.3945.117 Safari/537.36','登录成功','2020-01-11 09:24:07','2020-01-11 09:24:07'),(30,'admin','117.67.137.108','POST','Mozilla/5.0 (Windows NT 10.0; Win64; x64) AppleWebKit/537.36 (KHTML, like Gecko) Chrome/79.0.3945.117 Safari/537.36','登录成功','2020-01-13 01:23:05','2020-01-13 01:23:05'),(31,'admin','117.67.137.108','POST','Mozilla/5.0 (Windows NT 10.0; Win64; x64) AppleWebKit/537.36 (KHTML, like Gecko) Chrome/77.0.3865.90 Safari/537.36','登录成功','2020-01-13 02:41:31','2020-01-13 02:41:31'),(32,'admin','117.67.137.108','POST','Mozilla/5.0 (Windows NT 10.0; Win64; x64) AppleWebKit/537.36 (KHTML, like Gecko) Chrome/77.0.3865.90 Safari/537.36','登录成功','2020-01-13 06:41:09','2020-01-13 06:41:09'),(33,'admin','117.67.137.108','POST','Mozilla/5.0 (Windows NT 10.0; Win64; x64) AppleWebKit/537.36 (KHTML, like Gecko) Chrome/79.0.3945.117 Safari/537.36','登录成功','2020-01-13 07:34:05','2020-01-13 07:34:05'),(34,'admin','117.67.137.108','POST','Mozilla/5.0 (Windows NT 10.0; WOW64) AppleWebKit/537.36 (KHTML, like Gecko) Chrome/69.0.3497.100 Safari/537.36','登录成功','2020-01-13 09:06:40','2020-01-13 09:06:40'),(35,'admin','117.67.137.108','POST','Mozilla/5.0 (Windows NT 10.0; Win64; x64) AppleWebKit/537.36 (KHTML, like Gecko) Chrome/79.0.3945.117 Safari/537.36','登录成功','2020-01-14 00:45:57','2020-01-14 00:45:57'),(36,'admin','117.67.137.108','POST','Mozilla/5.0 (Windows NT 10.0; WOW64) AppleWebKit/537.36 (KHTML, like Gecko) Chrome/69.0.3497.100 Safari/537.36','登录成功','2020-01-14 02:21:42','2020-01-14 02:21:42'),(37,'admin','117.67.137.108','POST','Mozilla/5.0 (Windows NT 10.0; Win64; x64) AppleWebKit/537.36 (KHTML, like Gecko) Chrome/77.0.3865.90 Safari/537.36','登录成功','2020-01-14 06:35:09','2020-01-14 06:35:09'),(38,'admin','117.67.137.108','POST','Mozilla/5.0 (Windows NT 10.0; Win64; x64) AppleWebKit/537.36 (KHTML, like Gecko) Chrome/79.0.3945.117 Safari/537.36','登录成功','2020-01-14 08:57:39','2020-01-14 08:57:39'),(39,'admin','117.67.137.108','POST','Mozilla/5.0 (Windows NT 10.0; Win64; x64; rv:72.0) Gecko/20100101 Firefox/72.0','登录成功','2020-01-15 01:17:36','2020-01-15 01:17:36'),(40,'admin','117.67.137.108','POST','Mozilla/5.0 (Windows NT 10.0; Win64; x64) AppleWebKit/537.36 (KHTML, like Gecko) Chrome/79.0.3945.117 Safari/537.36','登录成功','2020-01-15 03:10:28','2020-01-15 03:10:28'),(41,'admin','117.67.137.108','POST','Mozilla/5.0 (Windows NT 10.0; Win64; x64) AppleWebKit/537.36 (KHTML, like Gecko) Chrome/79.0.3945.117 Safari/537.36','登录成功','2020-01-15 09:20:52','2020-01-15 09:20:52'),(42,'admin','60.166.89.85','POST','Mozilla/5.0 (Windows NT 10.0; Win64; x64) AppleWebKit/537.36 (KHTML, like Gecko) Chrome/79.0.3945.117 Safari/537.36','登录成功','2020-01-17 01:16:12','2020-01-17 01:16:12'),(43,'admin','60.166.89.85','POST','Mozilla/5.0 (Windows NT 10.0; Win64; x64) AppleWebKit/537.36 (KHTML, like Gecko) Chrome/79.0.3945.117 Safari/537.36','登录成功','2020-01-17 03:23:44','2020-01-17 03:23:44'),(44,'admin','60.166.89.85','POST','Mozilla/5.0 (Windows NT 10.0; Win64; x64) AppleWebKit/537.36 (KHTML, like Gecko) Chrome/79.0.3945.117 Safari/537.36','登录成功','2020-01-17 05:50:10','2020-01-17 05:50:10'),(45,'admin','60.166.89.85','POST','Mozilla/5.0 (Windows NT 10.0; Win64; x64) AppleWebKit/537.36 (KHTML, like Gecko) Chrome/79.0.3945.117 Safari/537.36','登录成功','2020-01-17 05:51:57','2020-01-17 05:51:57'),(46,'admin','60.166.89.85','POST','Mozilla/5.0 (Windows NT 10.0; Win64; x64) AppleWebKit/537.36 (KHTML, like Gecko) Chrome/79.0.3945.117 Safari/537.36','登录成功','2020-01-17 05:54:32','2020-01-17 05:54:32'),(47,'roy','60.166.89.85','POST','Mozilla/5.0 (Windows NT 10.0; Win64; x64) AppleWebKit/537.36 (KHTML, like Gecko) Chrome/79.0.3945.117 Safari/537.36','登录成功','2020-01-17 06:20:54','2020-01-17 06:20:54'),(48,'admin','60.166.89.85','POST','Mozilla/5.0 (Windows NT 10.0; Win64; x64) AppleWebKit/537.36 (KHTML, like Gecko) Chrome/79.0.3945.117 Safari/537.36','登录成功','2020-01-18 02:56:06','2020-01-18 02:56:06'),(49,'admin','60.166.89.85','POST','Mozilla/5.0 (Windows NT 10.0; Win64; x64) AppleWebKit/537.36 (KHTML, like Gecko) Chrome/79.0.3945.117 Safari/537.36','登录成功','2020-01-18 07:00:20','2020-01-18 07:00:20'),(50,'admin','60.166.89.85','POST','Mozilla/5.0 (Windows NT 10.0; Win64; x64) AppleWebKit/537.36 (KHTML, like Gecko) Chrome/79.0.3945.117 Safari/537.36','登录成功','2020-01-18 07:28:59','2020-01-18 07:28:59'),(51,'roy','60.166.89.85','POST','Mozilla/5.0 (Windows NT 10.0; Win64; x64) AppleWebKit/537.36 (KHTML, like Gecko) Chrome/79.0.3945.117 Safari/537.36','登录成功','2020-01-18 07:29:16','2020-01-18 07:29:16'),(52,'roy','36.7.80.142','POST','Mozilla/5.0 (Macintosh; Intel Mac OS X 10_14_6) AppleWebKit/605.1.15 (KHTML, like Gecko) Version/13.0.4 Safari/605.1.15','登录成功','2020-01-18 09:54:11','2020-01-18 09:54:11'),(53,'admin','223.166.151.234','POST','Mozilla/5.0 (Linux; U; Android 9; zh-cn; ONEPLUS A5000 Build/PKQ1.180716.001) AppleWebKit/537.36 (KHTML, like Gecko) Version/4.0 Chrome/66.0.3359.126 MQQBrowser/10.0 Mobile Safari/537.36','登录成功','2020-01-21 03:11:32','2020-01-21 03:11:32'),(54,'admin','120.243.110.16','POST','Mozilla/5.0 (Linux; U; Android 9; zh-CN; ONEPLUS A5000 Build/PKQ1.180716.001) AppleWebKit/537.36 (KHTML, like Gecko) Version/4.0 Chrome/57.0.2987.108 UCBrowser/12.8.2.1062 Mobile Safari/537.3','登录成功','2020-01-26 04:41:09','2020-01-26 04:41:09'),(55,'admin','112.122.94.44','POST','Mozilla/5.0 (Windows NT 10.0; Win64; x64) AppleWebKit/537.36 (KHTML, like Gecko) Chrome/79.0.3945.130 Safari/537.36','登录成功','2020-01-27 03:30:28','2020-01-27 03:30:28'),(56,'admin','112.122.94.48','POST','Mozilla/5.0 (Windows NT 10.0; Win64; x64) AppleWebKit/537.36 (KHTML, like Gecko) Chrome/79.0.3945.130 Safari/537.36','登录成功','2020-01-29 03:38:36','2020-01-29 03:38:36'),(57,'admin','116.149.89.42','POST','Mozilla/5.0 (Windows NT 10.0; Win64; x64) AppleWebKit/537.36 (KHTML, like Gecko) Chrome/79.0.3945.130 Safari/537.36','登录成功','2020-01-31 06:09:20','2020-01-31 06:09:20'),(58,'admin','112.122.94.89','POST','Mozilla/5.0 (Windows NT 10.0; Win64; x64) AppleWebKit/537.36 (KHTML, like Gecko) Chrome/79.0.3945.130 Safari/537.36','登录成功','2020-02-03 02:55:21','2020-02-03 02:55:21'),(59,'roy','116.149.200.188','POST','Mozilla/5.0 (Macintosh; Intel Mac OS X 10_14_6) AppleWebKit/605.1.15 (KHTML, like Gecko) Version/13.0.4 Safari/605.1.15','登录成功','2020-02-04 06:56:12','2020-02-04 06:56:12'),(60,'roy','116.149.200.188','POST','Mozilla/5.0 (Macintosh; Intel Mac OS X 10_14_6) AppleWebKit/605.1.15 (KHTML, like Gecko) Version/13.0.4 Safari/605.1.15','登录成功','2020-02-04 09:11:50','2020-02-04 09:11:50'),(61,'admin','112.122.94.224','POST','Mozilla/5.0 (Windows NT 10.0; Win64; x64) AppleWebKit/537.36 (KHTML, like Gecko) Chrome/79.0.3945.130 Safari/537.36','登录成功','2020-02-05 01:56:38','2020-02-05 01:56:38'),(62,'admin','112.122.94.224','POST','Mozilla/5.0 (Windows NT 10.0; Win64; x64) AppleWebKit/537.36 (KHTML, like Gecko) Chrome/79.0.3945.130 Safari/537.36','登录成功','2020-02-05 07:23:35','2020-02-05 07:23:35'),(63,'admin','112.122.94.48','POST','Mozilla/5.0 (Windows NT 10.0; Win64; x64) AppleWebKit/537.36 (KHTML, like Gecko) Chrome/79.0.3945.130 Safari/537.36','登录成功','2020-02-06 02:19:49','2020-02-06 02:19:49'),(64,'admin','112.122.94.48','POST','Mozilla/5.0 (Windows NT 10.0; Win64; x64) AppleWebKit/537.36 (KHTML, like Gecko) Chrome/79.0.3945.130 Safari/537.36','登录成功','2020-02-06 10:11:58','2020-02-06 10:11:58'),(65,'roy','116.149.200.188','POST','Mozilla/5.0 (Macintosh; Intel Mac OS X 10_14_6) AppleWebKit/605.1.15 (KHTML, like Gecko) Version/13.0.4 Safari/605.1.15','登录成功','2020-02-06 14:36:34','2020-02-06 14:36:34'),(66,'roy','116.149.200.188','POST','Mozilla/5.0 (Macintosh; Intel Mac OS X 10_14_6) AppleWebKit/605.1.15 (KHTML, like Gecko) Version/13.0.4 Safari/605.1.15','登录成功','2020-02-07 06:43:49','2020-02-07 06:43:49'),(67,'admin','183.160.87.59','POST','Mozilla/5.0 (Windows NT 10.0; Win64; x64) AppleWebKit/537.36 (KHTML, like Gecko) Chrome/79.0.3945.130 Safari/537.36','登录成功','2020-02-08 03:49:47','2020-02-08 03:49:47'),(68,'roy','116.149.203.131','POST','Mozilla/5.0 (Macintosh; Intel Mac OS X 10_14_6) AppleWebKit/605.1.15 (KHTML, like Gecko) Version/13.0.4 Safari/605.1.15','登录成功','2020-02-08 09:51:04','2020-02-08 09:51:04'),(69,'admin','112.122.94.159','POST','Mozilla/5.0 (Windows NT 10.0; Win64; x64) AppleWebKit/537.36 (KHTML, like Gecko) Chrome/80.0.3987.87 Safari/537.36','登录成功','2020-02-09 04:07:56','2020-02-09 04:07:56'),(70,'admin','58.243.43.89','POST','Mozilla/5.0 (Windows NT 10.0; Win64; x64) AppleWebKit/537.36 (KHTML, like Gecko) Chrome/80.0.3987.87 Safari/537.36','登录成功','2020-02-11 13:20:45','2020-02-11 13:20:45'),(71,'admin','58.243.43.89','POST','Mozilla/5.0 (Windows NT 10.0; Win64; x64) AppleWebKit/537.36 (KHTML, like Gecko) Chrome/80.0.3987.100 Safari/537.36','登录成功','2020-02-12 09:23:15','2020-02-12 09:23:15'),(72,'admin','58.243.43.89','POST','Mozilla/5.0 (Windows NT 10.0; WOW64) AppleWebKit/537.36 (KHTML, like Gecko) Chrome/53.0.2785.116 Safari/537.36 QBCore/4.0.1295.400 QQBrowser/9.0.2524.400 Mozilla/5.0 (Windows NT 6.1; WOW64) A','登录成功','2020-02-13 12:38:04','2020-02-13 12:38:04'),(73,'admin','183.160.213.196','POST','Mozilla/5.0 (Windows NT 10.0; Win64; x64) AppleWebKit/537.36 (KHTML, like Gecko) Chrome/78.0.3904.97 Safari/537.36','登录成功','2020-02-13 12:38:27','2020-02-13 12:38:27'),(74,'admin','183.160.213.196','POST','Mozilla/5.0 (Windows NT 10.0; Win64; x64) AppleWebKit/537.36 (KHTML, like Gecko) Chrome/78.0.3904.97 Safari/537.36','登录成功','2020-02-13 12:42:28','2020-02-13 12:42:28'),(75,'admin','58.243.43.89','POST','Mozilla/5.0 (Windows NT 10.0; Win64; x64) AppleWebKit/537.36 (KHTML, like Gecko) Chrome/80.0.3987.100 Safari/537.36','登录成功','2020-02-13 13:25:26','2020-02-13 13:25:26'),(76,'roy','183.160.239.86','POST','Mozilla/5.0 (Windows NT 10.0; Win64; x64) AppleWebKit/537.36 (KHTML, like Gecko) Chrome/78.0.3904.97 Safari/537.36','登录成功','2020-02-18 07:17:48','2020-02-18 07:17:48'),(77,'roy','36.33.19.159','POST','Mozilla/5.0 (Macintosh; Intel Mac OS X 10_14_6) AppleWebKit/605.1.15 (KHTML, like Gecko) Version/13.0.4 Safari/605.1.15','登录成功','2020-02-18 07:26:13','2020-02-18 07:26:13'),(78,'admin','36.33.36.154','POST','Mozilla/5.0 (Windows NT 10.0; Win64; x64) AppleWebKit/537.36 (KHTML, like Gecko) Chrome/80.0.3987.106 Safari/537.36','登录成功','2020-02-18 08:08:09','2020-02-18 08:08:09'),(79,'admin','36.33.36.154','POST','Mozilla/5.0 (Windows NT 10.0; Win64; x64) AppleWebKit/537.36 (KHTML, like Gecko) Chrome/80.0.3987.106 Safari/537.36','登录成功','2020-02-18 08:08:32','2020-02-18 08:08:32'),(80,'admin','36.33.36.154','POST','Mozilla/5.0 (Windows NT 10.0; Win64; x64) AppleWebKit/537.36 (KHTML, like Gecko) Chrome/80.0.3987.116 Safari/537.36','登录成功','2020-02-19 00:59:58','2020-02-19 00:59:58'),(81,'roy','36.33.19.159','POST','Mozilla/5.0 (Macintosh; Intel Mac OS X 10_14_6) AppleWebKit/605.1.15 (KHTML, like Gecko) Version/13.0.4 Safari/605.1.15','登录成功','2020-02-19 04:04:53','2020-02-19 04:04:53'),(82,'roy','36.33.19.159','POST','Mozilla/5.0 (Macintosh; Intel Mac OS X 10_14_6) AppleWebKit/605.1.15 (KHTML, like Gecko) Version/13.0.4 Safari/605.1.15','登录成功','2020-02-19 07:36:42','2020-02-19 07:36:42'),(83,'admin','36.33.36.154','POST','Mozilla/5.0 (Windows NT 10.0; Win64; x64) AppleWebKit/537.36 (KHTML, like Gecko) Chrome/80.0.3987.116 Safari/537.36','登录成功','2020-02-19 08:00:33','2020-02-19 08:00:33'),(84,'admin','36.33.36.154','POST','Mozilla/5.0 (Windows NT 10.0; Win64; x64) AppleWebKit/537.36 (KHTML, like Gecko) Chrome/80.0.3987.116 Safari/537.36','登录成功','2020-02-20 01:22:16','2020-02-20 01:22:16'),(85,'roy','36.33.19.159','POST','Mozilla/5.0 (Macintosh; Intel Mac OS X 10_14_6) AppleWebKit/605.1.15 (KHTML, like Gecko) Version/13.0.4 Safari/605.1.15','登录成功','2020-02-20 03:15:55','2020-02-20 03:15:55'),(86,'roy','36.33.19.159','POST','Mozilla/5.0 (Macintosh; Intel Mac OS X 10_14_6) AppleWebKit/605.1.15 (KHTML, like Gecko) Version/13.0.4 Safari/605.1.15','登录成功','2020-02-20 11:32:50','2020-02-20 11:32:50'),(87,'admin','36.33.36.154','POST','Mozilla/5.0 (Windows NT 10.0; Win64; x64) AppleWebKit/537.36 (KHTML, like Gecko) Chrome/80.0.3987.116 Safari/537.36','登录成功','2020-02-21 05:44:52','2020-02-21 05:44:52'),(88,'admin','36.33.36.154','POST','Mozilla/5.0 (Windows NT 10.0; Win64; x64) AppleWebKit/537.36 (KHTML, like Gecko) Chrome/80.0.3987.116 Safari/537.36','登录成功','2020-02-22 03:20:26','2020-02-22 03:20:26'),(89,'roy','36.33.19.159','POST','Mozilla/5.0 (Macintosh; Intel Mac OS X 10_14_6) AppleWebKit/605.1.15 (KHTML, like Gecko) Version/13.0.4 Safari/605.1.15','登录成功','2020-02-22 09:23:03','2020-02-22 09:23:03'),(90,'admin','36.33.36.154','POST','Mozilla/5.0 (Windows NT 10.0; Win64; x64) AppleWebKit/537.36 (KHTML, like Gecko) Chrome/80.0.3987.116 Safari/537.36','登录成功','2020-02-22 09:33:24','2020-02-22 09:33:24'),(91,'admin','60.168.69.134','POST','Mozilla/5.0 (Windows NT 10.0; Win64; x64) AppleWebKit/537.36 (KHTML, like Gecko) Chrome/79.0.3945.130 Safari/537.36','登录成功','2020-02-24 06:24:58','2020-02-24 06:24:58'),(92,'admin','60.168.69.134','POST','Mozilla/5.0 (Windows NT 10.0; Win64; x64) AppleWebKit/537.36 (KHTML, like Gecko) Chrome/79.0.3945.130 Safari/537.36','登录成功','2020-02-25 01:31:54','2020-02-25 01:31:54'),(93,'admin','60.168.69.134','POST','Mozilla/5.0 (Windows NT 10.0; Win64; x64) AppleWebKit/537.36 (KHTML, like Gecko) Chrome/77.0.3865.90 Safari/537.36','登录成功','2020-02-25 02:35:42','2020-02-25 02:35:42'),(94,'admin','60.168.69.134','POST','Mozilla/5.0 (Windows NT 10.0; Win64; x64) AppleWebKit/537.36 (KHTML, like Gecko) Chrome/79.0.3945.130 Safari/537.36','登录成功','2020-02-25 06:29:20','2020-02-25 06:29:20'),(95,'admin','60.168.69.134','POST','Mozilla/5.0 (Windows NT 10.0; Win64; x64) AppleWebKit/537.36 (KHTML, like Gecko) Chrome/79.0.3945.130 Safari/537.36','登录成功','2020-02-25 09:05:59','2020-02-25 09:05:59'),(96,'roy','36.33.18.5','POST','Mozilla/5.0 (Macintosh; Intel Mac OS X 10_14_6) AppleWebKit/605.1.15 (KHTML, like Gecko) Version/13.0.4 Safari/605.1.15','登录成功','2020-02-25 13:00:01','2020-02-25 13:00:01'),(97,'admin','60.168.69.134','POST','Mozilla/5.0 (Windows NT 10.0; Win64; x64) AppleWebKit/537.36 (KHTML, like Gecko) Chrome/79.0.3945.130 Safari/537.36','登录成功','2020-02-26 02:51:06','2020-02-26 02:51:06'),(98,'roy','36.33.18.5','POST','Mozilla/5.0 (Macintosh; Intel Mac OS X 10_14_6) AppleWebKit/605.1.15 (KHTML, like Gecko) Version/13.0.4 Safari/605.1.15','登录成功','2020-02-26 13:32:11','2020-02-26 13:32:11'),(99,'admin','60.168.69.134','POST','Mozilla/5.0 (Windows NT 10.0; Win64; x64) AppleWebKit/537.36 (KHTML, like Gecko) Chrome/79.0.3945.130 Safari/537.36','登录成功','2020-02-27 02:12:58','2020-02-27 02:12:58'),(100,'admin','60.168.69.134','POST','Mozilla/5.0 (Windows NT 10.0; WOW64) AppleWebKit/537.36 (KHTML, like Gecko) Chrome/79.0.3945.79 Safari/537.36','登录成功','2020-02-27 06:39:37','2020-02-27 06:39:37'),(101,'admin','60.168.69.134','POST','Mozilla/5.0 (Windows NT 10.0; Win64; x64) AppleWebKit/537.36 (KHTML, like Gecko) Chrome/80.0.3987.122 Safari/537.36','登录成功','2020-02-27 06:53:35','2020-02-27 06:53:35'),(102,'admin','60.168.69.134','POST','Mozilla/5.0 (Windows NT 10.0; Win64; x64) AppleWebKit/537.36 (KHTML, like Gecko) Chrome/80.0.3987.122 Safari/537.36','登录成功','2020-02-28 06:54:54','2020-02-28 06:54:54'),(103,'roy','36.33.18.5','POST','Mozilla/5.0 (Macintosh; Intel Mac OS X 10_14_6) AppleWebKit/605.1.15 (KHTML, like Gecko) Version/13.0.4 Safari/605.1.15','登录成功','2020-02-29 12:12:41','2020-02-29 12:12:41'),(104,'admin','36.33.4.63','POST','Mozilla/5.0 (Windows NT 10.0; Win64; x64) AppleWebKit/537.36 (KHTML, like Gecko) Chrome/80.0.3987.122 Safari/537.36','登录成功','2020-02-29 13:17:35','2020-02-29 13:17:35'),(105,'roy','36.33.18.5','POST','Mozilla/5.0 (Macintosh; Intel Mac OS X 10_14_6) AppleWebKit/605.1.15 (KHTML, like Gecko) Version/13.0.4 Safari/605.1.15','登录成功','2020-02-29 15:59:27','2020-02-29 15:59:27'),(106,'admin','60.168.69.134','POST','Mozilla/5.0 (Windows NT 10.0; Win64; x64) AppleWebKit/537.36 (KHTML, like Gecko) Chrome/80.0.3987.122 Safari/537.36','登录成功','2020-03-02 01:20:30','2020-03-02 01:20:30'),(107,'roy','36.33.18.227','POST','Mozilla/5.0 (Macintosh; Intel Mac OS X 10_14_6) AppleWebKit/605.1.15 (KHTML, like Gecko) Version/13.0.4 Safari/605.1.15','登录成功','2020-03-02 08:28:59','2020-03-02 08:28:59'),(108,'admin','60.168.69.134','POST','Mozilla/5.0 (Windows NT 10.0; Win64; x64) AppleWebKit/537.36 (KHTML, like Gecko) Chrome/80.0.3987.122 Safari/537.36','登录成功','2020-03-03 08:11:08','2020-03-03 08:11:08'),(109,'roy','36.5.244.247','POST','Mozilla/5.0 (Macintosh; Intel Mac OS X 10_14_6) AppleWebKit/605.1.15 (KHTML, like Gecko) Version/13.0.4 Safari/605.1.15','登录成功','2020-03-04 03:55:16','2020-03-04 03:55:16'),(110,'roy','36.33.18.227','POST','Mozilla/5.0 (Macintosh; Intel Mac OS X 10_14_6) AppleWebKit/605.1.15 (KHTML, like Gecko) Version/13.0.4 Safari/605.1.15','登录成功','2020-03-05 00:54:34','2020-03-05 00:54:34'),(111,'roy','36.33.18.227','POST','Mozilla/5.0 (Macintosh; Intel Mac OS X 10_14_6) AppleWebKit/605.1.15 (KHTML, like Gecko) Version/13.0.4 Safari/605.1.15','登录成功','2020-03-05 06:49:17','2020-03-05 06:49:17'),(112,'roy','36.33.18.227','POST','Mozilla/5.0 (Macintosh; Intel Mac OS X 10_14_6) AppleWebKit/605.1.15 (KHTML, like Gecko) Version/13.0.4 Safari/605.1.15','登录成功','2020-03-05 11:02:42','2020-03-05 11:02:42'),(113,'roy','36.5.247.57','POST','Mozilla/5.0 (Macintosh; Intel Mac OS X 10_14_6) AppleWebKit/605.1.15 (KHTML, like Gecko) Version/13.0.4 Safari/605.1.15','登录成功','2020-03-06 04:01:22','2020-03-06 04:01:22'),(114,'admin','60.168.69.134','POST','Mozilla/5.0 (Windows NT 10.0; Win64; x64) AppleWebKit/537.36 (KHTML, like Gecko) Chrome/80.0.3987.122 Safari/537.36','登录成功','2020-03-06 04:59:45','2020-03-06 04:59:45'),(115,'roy','36.5.247.57','POST','Mozilla/5.0 (Macintosh; Intel Mac OS X 10_14_6) AppleWebKit/605.1.15 (KHTML, like Gecko) Version/13.0.4 Safari/605.1.15','登录成功','2020-03-06 06:26:48','2020-03-06 06:26:48'),(116,'roy','36.5.247.57','POST','Mozilla/5.0 (Macintosh; Intel Mac OS X 10_14_6) AppleWebKit/605.1.15 (KHTML, like Gecko) Version/13.0.4 Safari/605.1.15','登录成功','2020-03-06 06:26:55','2020-03-06 06:26:55'),(117,'roy','58.243.250.70','POST','Mozilla/5.0 (iPhone; CPU iPhone OS 13_3 like Mac OS X) AppleWebKit/605.1.15 (KHTML, like Gecko) Mobile/15E148 MicroMessenger/7.0.11(0x17000b21) NetType/3G Language/zh_CN','登录成功','2020-03-06 06:58:07','2020-03-06 06:58:07'),(118,'roy','58.243.250.70','POST','Mozilla/5.0 (iPhone; CPU iPhone OS 13_3 like Mac OS X) AppleWebKit/605.1.15 (KHTML, like Gecko) Version/13.0.4 Mobile/15E148 Safari/604.1','登录成功','2020-03-06 07:00:04','2020-03-06 07:00:04'),(119,'roy','223.104.34.105','POST','Mozilla/5.0 (iPhone; CPU iPhone OS 13_3_1 like Mac OS X) AppleWebKit/605.1.15 (KHTML, like Gecko) Mobile/15E148 MicroMessenger/7.0.11(0x17000b21) NetType/4G Language/zh_CN','登录成功','2020-03-06 07:00:58','2020-03-06 07:00:58'),(120,'roy','58.243.250.70','POST','Mozilla/5.0 (iPhone; CPU iPhone OS 13_3 like Mac OS X) AppleWebKit/605.1.15 (KHTML, like Gecko) Version/13.0.4 Mobile/15E148 Safari/604.1','登录成功','2020-03-06 07:12:25','2020-03-06 07:12:25'),(121,'roy','58.243.250.70','POST','Mozilla/5.0 (iPhone; CPU iPhone OS 13_3 like Mac OS X) AppleWebKit/605.1.15 (KHTML, like Gecko) Version/13.0.4 Mobile/15E148 Safari/604.1','登录成功','2020-03-06 07:16:46','2020-03-06 07:16:46'),(122,'admin','60.168.69.134','POST','Mozilla/5.0 (Windows NT 10.0; Win64; x64) AppleWebKit/537.36 (KHTML, like Gecko) Chrome/78.0.3904.97 Safari/537.36','登录成功','2020-03-07 07:29:26','2020-03-07 07:29:26'),(123,'roy','36.7.80.142','POST','Mozilla/5.0 (Macintosh; Intel Mac OS X 10_14_6) AppleWebKit/605.1.15 (KHTML, like Gecko) Version/13.0.4 Safari/605.1.15','登录成功','2020-03-07 09:31:52','2020-03-07 09:31:52'),(124,'roy','36.5.249.118','POST','Mozilla/5.0 (Macintosh; Intel Mac OS X 10_14_6) AppleWebKit/605.1.15 (KHTML, like Gecko) Version/13.0.4 Safari/605.1.15','登录成功','2020-03-10 09:39:04','2020-03-10 09:39:04'),(125,'admin','114.107.20.129','POST','Mozilla/5.0 (Windows NT 10.0; Win64; x64) AppleWebKit/537.36 (KHTML, like Gecko) Chrome/80.0.3987.132 Safari/537.36','登录成功','2020-03-11 05:34:34','2020-03-11 05:34:34'),(126,'roy','114.102.153.78','POST','Mozilla/5.0 (Macintosh; Intel Mac OS X 10_14_6) AppleWebKit/605.1.15 (KHTML, like Gecko) Version/13.0.4 Safari/605.1.15','登录成功','2020-03-11 06:08:31','2020-03-11 06:08:31'),(127,'admin','114.107.20.129','POST','Mozilla/5.0 (Windows NT 10.0; Win64; x64) AppleWebKit/537.36 (KHTML, like Gecko) Chrome/80.0.3987.132 Safari/537.36','登录成功','2020-03-13 03:26:49','2020-03-13 03:26:49'),(128,'roy','183.160.204.211','POST','Mozilla/5.0 (Macintosh; Intel Mac OS X 10_14_6) AppleWebKit/605.1.15 (KHTML, like Gecko) Version/13.0.4 Safari/605.1.15','登录成功','2020-03-13 04:53:40','2020-03-13 04:53:40'),(129,'roy','39.144.35.219','POST','Mozilla/5.0 (iPhone; CPU iPhone OS 13_1_2 like Mac OS X) AppleWebKit/605.1.15 (KHTML, like Gecko) Mobile/15E148 MicroMessenger/7.0.10(0x17000a21) NetType/4G Language/zh_CN','登录成功','2020-03-14 03:07:28','2020-03-14 03:07:28'),(130,'roy','36.7.80.142','POST','Mozilla/5.0 (iPhone; CPU iPhone OS 13_3_1 like Mac OS X) AppleWebKit/605.1.15 (KHTML, like Gecko) Mobile/15E148 MicroMessenger/7.0.11(0x17000b21) NetType/WIFI Language/zh_CN','登录成功','2020-03-14 03:07:51','2020-03-14 03:07:51'),(131,'roy','39.144.35.219','POST','Mozilla/5.0 (iPhone; CPU iPhone OS 13_1_2 like Mac OS X) AppleWebKit/605.1.15 (KHTML, like Gecko) Version/13.0.1 Mobile/15E148 Safari/604.1','登录成功','2020-03-14 03:08:24','2020-03-14 03:08:24'),(132,'roy','223.104.37.180','POST','Mozilla/5.0 (iPhone; CPU iPhone OS 13_1_2 like Mac OS X) AppleWebKit/605.1.15 (KHTML, like Gecko) Version/13.0.1 Mobile/15E148 Safari/604.1','登录成功','2020-03-15 03:01:06','2020-03-15 03:01:06'),(133,'roy','223.104.37.180','POST','Mozilla/5.0 (iPhone; CPU iPhone OS 13_1_2 like Mac OS X) AppleWebKit/605.1.15 (KHTML, like Gecko) Mobile/15E148 MicroMessenger/7.0.10(0x17000a21) NetType/4G Language/zh_CN','登录成功','2020-03-15 03:01:38','2020-03-15 03:01:38'),(134,'admin','114.107.20.129','POST','Mozilla/5.0 (Windows NT 10.0; Win64; x64) AppleWebKit/537.36 (KHTML, like Gecko) Chrome/80.0.3987.132 Safari/537.36','登录成功','2020-03-17 09:10:57','2020-03-17 09:10:57'),(135,'admin','114.107.20.129','POST','Mozilla/5.0 (Windows NT 10.0; Win64; x64) AppleWebKit/537.36 (KHTML, like Gecko) Chrome/80.0.3987.132 Safari/537.36','登录成功','2020-03-18 01:04:16','2020-03-18 01:04:16'),(136,'roy','223.104.36.4','POST','Mozilla/5.0 (iPhone; CPU iPhone OS 13_3_1 like Mac OS X) AppleWebKit/605.1.15 (KHTML, like Gecko) Mobile/15E148 MicroMessenger/7.0.11(0x17000b21) NetType/4G Language/zh_CN','登录成功','2020-03-18 04:59:26','2020-03-18 04:59:26'),(137,'roy','223.104.36.4','POST','Mozilla/5.0 (iPhone; CPU iPhone OS 13_3_1 like Mac OS X) AppleWebKit/605.1.15 (KHTML, like Gecko) Version/13.0.5 Mobile/15E148 Safari/604.1','登录成功','2020-03-18 05:08:33','2020-03-18 05:08:33'),(138,'roy','36.7.80.142','POST','Mozilla/5.0 (Macintosh; Intel Mac OS X 10_11_6) AppleWebKit/537.36 (KHTML, like Gecko) Chrome/80.0.3987.149 Safari/537.36','登录成功','2020-03-18 07:57:00','2020-03-18 07:57:00'),(139,'roy','36.7.80.142','POST','Mozilla/5.0 (Macintosh; Intel Mac OS X 10_11_6) AppleWebKit/537.36 (KHTML, like Gecko) Chrome/80.0.3987.149 Safari/537.36','登录成功','2020-03-18 09:32:38','2020-03-18 09:32:38'),(140,'roy','183.160.205.82','POST','Mozilla/5.0 (Macintosh; Intel Mac OS X 10_14_6) AppleWebKit/605.1.15 (KHTML, like Gecko) Version/13.0.4 Safari/605.1.15','登录成功','2020-03-18 10:32:49','2020-03-18 10:32:49'),(141,'admin','114.107.20.129','POST','Mozilla/5.0 (Windows NT 10.0; Win64; x64) AppleWebKit/537.36 (KHTML, like Gecko) Chrome/80.0.3987.132 Safari/537.36','登录成功','2020-03-19 03:25:02','2020-03-19 03:25:02'),(142,'admin','114.107.20.129','POST','Mozilla/5.0 (Windows NT 10.0; Win64; x64) AppleWebKit/537.36 (KHTML, like Gecko) Chrome/80.0.3987.132 Safari/537.36','登录成功','2020-03-19 03:25:02','2020-03-19 03:25:02'),(143,'roy','36.7.80.142','POST','Mozilla/5.0 (Macintosh; Intel Mac OS X 10_14_1) AppleWebKit/537.36 (KHTML, like Gecko) Chrome/80.0.3987.149 Safari/537.36','登录成功','2020-03-21 03:14:11','2020-03-21 03:14:11'),(144,'roy','36.7.80.142','POST','Mozilla/5.0 (Windows NT 6.1; WOW64) AppleWebKit/537.36 (KHTML, like Gecko) Chrome/39.0.2171.95 Safari/537.36 MicroMessenger/6.5.2.501 NetType/WIFI WindowsWechat QBCore/3.43.1010.400 QQBrowser','登录成功','2020-03-22 03:08:53','2020-03-22 03:08:53'),(145,'roy','36.7.80.142','POST','Mozilla/5.0 (Windows NT 10.0; WOW64; Trident/7.0; rv:11.0) like Gecko','登录成功','2020-03-22 03:09:27','2020-03-22 03:09:27'),(146,'admin','114.107.20.129','POST','Mozilla/5.0 (Windows NT 10.0; Win64; x64) AppleWebKit/537.36 (KHTML, like Gecko) Chrome/80.0.3987.149 Safari/537.36','登录成功','2020-03-23 01:16:25','2020-03-23 01:16:25'),(147,'admin','114.107.20.129','POST','Mozilla/5.0 (Windows NT 10.0; Win64; x64) AppleWebKit/537.36 (KHTML, like Gecko) Chrome/77.0.3865.90 Safari/537.36','登录成功','2020-03-23 01:20:01','2020-03-23 01:20:01'),(148,'roy','58.243.254.25','POST','Mozilla/5.0 (iPhone; CPU iPhone OS 13_3_1 like Mac OS X) AppleWebKit/605.1.15 (KHTML, like Gecko) Mobile/15E148 MicroMessenger/7.0.11(0x17000b21) NetType/4G Language/zh_CN','登录成功','2020-03-23 03:11:27','2020-03-23 03:11:27'),(149,'roy','36.7.80.142','POST','Mozilla/5.0 (Macintosh; Intel Mac OS X 10_14_6) AppleWebKit/605.1.15 (KHTML, like Gecko) Version/13.0.4 Safari/605.1.15','登录成功','2020-03-23 10:01:13','2020-03-23 10:01:13'),(150,'roy','36.33.30.151','POST','Mozilla/5.0 (Macintosh; Intel Mac OS X 10_14_6) AppleWebKit/605.1.15 (KHTML, like Gecko) Version/13.0.4 Safari/605.1.15','登录成功','2020-03-23 15:26:48','2020-03-23 15:26:48'),(151,'roy','36.7.80.142','POST','Mozilla/5.0 (iPhone; CPU iPhone OS 13_3_1 like Mac OS X) AppleWebKit/605.1.15 (KHTML, like Gecko) Mobile/15E148 MicroMessenger/7.0.11(0x17000b21) NetType/WIFI Language/zh_CN','登录成功','2020-03-24 02:46:33','2020-03-24 02:46:33'),(152,'roy','36.7.80.142','POST','Mozilla/5.0 (Macintosh; Intel Mac OS X 10_12_6) AppleWebKit/537.36 (KHTML, like Gecko) Chrome/80.0.3987.149 Safari/537.36','登录成功','2020-03-24 02:48:04','2020-03-24 02:48:04'),(153,'roy','36.7.80.142','POST','Mozilla/5.0 (Macintosh; Intel Mac OS X 10_12_6) AppleWebKit/537.36 (KHTML, like Gecko) Chrome/80.0.3987.149 Safari/537.36','登录成功','2020-03-24 02:56:33','2020-03-24 02:56:33'),(154,'roy','114.102.152.223','POST','Mozilla/5.0 (Macintosh; Intel Mac OS X 10_14_6) AppleWebKit/605.1.15 (KHTML, like Gecko) Version/13.0.4 Safari/605.1.15','登录成功','2020-03-24 03:06:49','2020-03-24 03:06:49'),(155,'admin','114.107.20.129','POST','Mozilla/5.0 (Windows NT 10.0; Win64; x64) AppleWebKit/537.36 (KHTML, like Gecko) Chrome/80.0.3987.149 Safari/537.36','登录成功','2020-03-25 01:45:04','2020-03-25 01:45:04'),(156,'admin','36.33.37.128','POST','Mozilla/5.0 (Windows NT 10.0; Win64; x64) AppleWebKit/537.36 (KHTML, like Gecko) Chrome/80.0.3987.149 Safari/537.36','登录成功','2020-03-25 12:41:42','2020-03-25 12:41:42'),(157,'roy','36.7.80.142','POST','Mozilla/5.0 (Macintosh; Intel Mac OS X 10_12_6) AppleWebKit/537.36 (KHTML, like Gecko) Chrome/80.0.3987.149 Safari/537.36','登录成功','2020-03-31 03:15:38','2020-03-31 03:15:38'),(158,'roy','36.7.80.142','POST','Mozilla/5.0 (Macintosh; Intel Mac OS X 10_12_6) AppleWebKit/537.36 (KHTML, like Gecko) Chrome/80.0.3987.149 Safari/537.36','登录成功','2020-03-31 05:35:10','2020-03-31 05:35:10'),(159,'roy','36.7.80.142','POST','Mozilla/5.0 (Macintosh; Intel Mac OS X 10_12_6) AppleWebKit/537.36 (KHTML, like Gecko) Chrome/80.0.3987.149 Safari/537.36','登录成功','2020-03-31 05:40:17','2020-03-31 05:40:17'),(160,'roy','36.33.20.75','POST','Mozilla/5.0 (iPad; CPU OS 13_4 like Mac OS X) AppleWebKit/605.1.15 (KHTML, like Gecko) Mobile/15E148 MicroMessenger/7.0.12(0x17000c27) NetType/WIFI Language/zh_CN','登录成功','2020-04-04 02:21:48','2020-04-04 02:21:48'),(161,'roy','36.7.80.142','POST','Mozilla/5.0 (Macintosh; Intel Mac OS X 10_14_1) AppleWebKit/605.1.15 (KHTML, like Gecko) Version/12.0.1 Safari/605.1.15','登录成功','2020-04-05 02:44:15','2020-04-05 02:44:15'),(162,'roy','183.160.85.156','POST','Mozilla/5.0 (Macintosh; Intel Mac OS X 10_12_6) AppleWebKit/537.36 (KHTML, like Gecko) Chrome/80.0.3987.149 Safari/537.36','登录成功','2020-04-05 03:27:46','2020-04-05 03:27:46'),(163,'roy','36.33.20.75','POST','Mozilla/5.0 (Macintosh; Intel Mac OS X 10_15_4) AppleWebKit/605.1.15 (KHTML, like Gecko) Version/13.1 Safari/605.1.15','登录成功','2020-04-06 13:58:27','2020-04-06 13:58:27'),(164,'admin','60.168.68.153','POST','Mozilla/5.0 (Windows NT 10.0; Win64; x64) AppleWebKit/537.36 (KHTML, like Gecko) Chrome/80.0.3987.163 Safari/537.36','登录成功','2020-04-07 01:51:14','2020-04-07 01:51:14'),(165,'roy','36.7.80.142','POST','Mozilla/5.0 (Macintosh; Intel Mac OS X 10_12_6) AppleWebKit/537.36 (KHTML, like Gecko) Chrome/80.0.3987.163 Safari/537.36','登录成功','2020-04-07 03:23:47','2020-04-07 03:23:47'),(166,'roy','36.7.80.142','POST','Mozilla/5.0 (Macintosh; Intel Mac OS X 10_12_6) AppleWebKit/537.36 (KHTML, like Gecko) Chrome/80.0.3987.163 Safari/537.36','登录成功','2020-04-07 10:55:59','2020-04-07 10:55:59'),(167,'admin','60.168.68.153','POST','Mozilla/5.0 (Windows NT 10.0; Win64; x64) AppleWebKit/537.36 (KHTML, like Gecko) Chrome/81.0.4044.92 Safari/537.36','登录成功','2020-04-10 03:23:51','2020-04-10 03:23:51'),(168,'roy','36.7.80.142','POST','Mozilla/5.0 (Macintosh; Intel Mac OS X 10_14_1) AppleWebKit/605.1.15 (KHTML, like Gecko) Version/12.0.1 Safari/605.1.15','登录成功','2020-04-11 02:41:45','2020-04-11 02:41:45'),(169,'roy','36.7.80.142','POST','Mozilla/5.0 (Macintosh; Intel Mac OS X 10_14_1) AppleWebKit/605.1.15 (KHTML, like Gecko) Version/12.0.1 Safari/605.1.15','登录成功','2020-04-12 02:45:52','2020-04-12 02:45:52'),(170,'roy','36.5.250.24','POST','Mozilla/5.0 (Macintosh; Intel Mac OS X 10_14_6) AppleWebKit/605.1.15 (KHTML, like Gecko) Version/13.1 Safari/605.1.15','登录成功','2020-04-13 04:08:20','2020-04-13 04:08:20'),(171,'roy','36.7.80.142','POST','Mozilla/5.0 (Macintosh; Intel Mac OS X 10_12_6) AppleWebKit/537.36 (KHTML, like Gecko) Chrome/80.0.3987.163 Safari/537.36','登录成功','2020-04-14 05:15:26','2020-04-14 05:15:26'),(172,'roy','36.7.80.142','POST','Mozilla/5.0 (Macintosh; Intel Mac OS X 10_12_6) AppleWebKit/537.36 (KHTML, like Gecko) Chrome/80.0.3987.163 Safari/537.36','登录成功','2020-04-15 11:27:47','2020-04-15 11:27:47'),(173,'admin','60.168.68.153','POST','Mozilla/5.0 (Windows NT 10.0; Win64; x64) AppleWebKit/537.36 (KHTML, like Gecko) Chrome/81.0.4044.92 Safari/537.36','登录成功','2020-04-17 02:22:21','2020-04-17 02:22:21'),(174,'admin','60.168.68.153','POST','Mozilla/5.0 (Windows NT 10.0; Win64; x64) AppleWebKit/537.36 (KHTML, like Gecko) Chrome/81.0.4044.92 Safari/537.36','登录成功','2020-04-17 07:36:26','2020-04-17 07:36:26'),(175,'roy','36.7.80.142','POST','Mozilla/5.0 (Macintosh; Intel Mac OS X 10_12_6) AppleWebKit/537.36 (KHTML, like Gecko) Chrome/80.0.3987.163 Safari/537.36','登录成功','2020-04-17 10:24:17','2020-04-17 10:24:17'),(176,'roy','36.7.80.142','POST','Mozilla/5.0 (Macintosh; Intel Mac OS X 10_12_6) AppleWebKit/537.36 (KHTML, like Gecko) Chrome/80.0.3987.163 Safari/537.36','登录成功','2020-04-17 10:27:58','2020-04-17 10:27:58'),(177,'roy','116.149.194.104','POST','Mozilla/5.0 (Macintosh; Intel Mac OS X 10_15_4) AppleWebKit/605.1.15 (KHTML, like Gecko) Version/13.1 Safari/605.1.15','登录成功','2020-04-17 13:30:01','2020-04-17 13:30:01'),(178,'roy','36.7.80.142','POST','Mozilla/5.0 (iPhone; CPU iPhone OS 13_1_2 like Mac OS X) AppleWebKit/605.1.15 (KHTML, like Gecko) Mobile/15E148 MicroMessenger/7.0.10(0x17000a21) NetType/WIFI Language/zh_CN','登录成功','2020-04-19 04:33:03','2020-04-19 04:33:03'),(179,'roy','36.7.80.142','POST','Mozilla/5.0 (iPhone; CPU iPhone OS 13_1_2 like Mac OS X) AppleWebKit/605.1.15 (KHTML, like Gecko) Version/13.0.1 Mobile/15E148 Safari/604.1','登录成功','2020-04-19 04:34:02','2020-04-19 04:34:02'),(180,'roy','36.7.80.142','POST','Mozilla/5.0 (iPhone; CPU iPhone OS 13_1_2 like Mac OS X) AppleWebKit/605.1.15 (KHTML, like Gecko) Version/13.0.1 Mobile/15E148 Safari/604.1','登录成功','2020-04-19 04:38:57','2020-04-19 04:38:57'),(181,'roy','36.7.80.142','POST','Mozilla/5.0 (iPhone; CPU iPhone OS 13_1_2 like Mac OS X) AppleWebKit/605.1.15 (KHTML, like Gecko) Version/13.0.1 Mobile/15E148 Safari/604.1','登录成功','2020-04-19 11:46:48','2020-04-19 11:46:48'),(182,'admin','60.168.68.153','POST','Mozilla/5.0 (Windows NT 10.0; Win64; x64) AppleWebKit/537.36 (KHTML, like Gecko) Chrome/81.0.4044.113 Safari/537.36','登录成功','2020-04-20 02:13:30','2020-04-20 02:13:30'),(183,'roy','36.7.80.142','POST','Mozilla/5.0 (Macintosh; Intel Mac OS X 10_12_6) AppleWebKit/537.36 (KHTML, like Gecko) Chrome/81.0.4044.122 Safari/537.36','登录成功','2020-04-24 03:40:40','2020-04-24 03:40:40'),(184,'roy','36.7.80.142','POST','Mozilla/5.0 (Windows NT 10.0; Win64; x64) AppleWebKit/537.36 (KHTML, like Gecko) Chrome/70.0.3538.102 Safari/537.36 Edge/18.18363','登录成功','2020-04-25 08:14:23','2020-04-25 08:14:23'),(185,'admin','60.168.68.160','POST','Mozilla/5.0 (Windows NT 10.0; Win64; x64) AppleWebKit/537.36 (KHTML, like Gecko) Chrome/81.0.4044.122 Safari/537.36','登录成功','2020-04-29 02:31:31','2020-04-29 02:31:31'),(186,'roy','36.5.48.89','POST','Mozilla/5.0 (Macintosh; Intel Mac OS X 10_14_6) AppleWebKit/605.1.15 (KHTML, like Gecko) Version/13.1 Safari/605.1.15','登录成功','2020-04-29 02:41:49','2020-04-29 02:41:49'),(187,'roy','117.136.101.146','POST','Mozilla/5.0 (iPhone; CPU iPhone OS 13_3_1 like Mac OS X) AppleWebKit/605.1.15 (KHTML, like Gecko) Version/13.0.5 Mobile/15E148 Safari/604.1','登录成功','2020-04-29 02:50:20','2020-04-29 02:50:20'),(188,'roy','36.7.80.142','POST','Mozilla/5.0 (Windows NT 10.0; Win64; x64) AppleWebKit/537.36 (KHTML, like Gecko) Chrome/70.0.3538.102 Safari/537.36 Edge/18.18363','登录成功','2020-04-30 05:42:38','2020-04-30 05:42:38'),(189,'roy','36.7.80.142','POST','Mozilla/5.0 (Windows NT 10.0; Win64; x64) AppleWebKit/537.36 (KHTML, like Gecko) Chrome/70.0.3538.102 Safari/537.36 Edge/18.18363','登录成功','2020-04-30 11:25:04','2020-04-30 11:25:04'),(190,'roy','36.7.80.142','POST','Mozilla/5.0 (Windows NT 10.0; Win64; x64) AppleWebKit/537.36 (KHTML, like Gecko) Chrome/70.0.3538.102 Safari/537.36 Edge/18.18363','登录成功','2020-04-30 11:26:21','2020-04-30 11:26:21'),(191,'roy','116.149.194.247','POST','Mozilla/5.0 (iPhone; CPU iPhone OS 13_3_1 like Mac OS X) AppleWebKit/605.1.15 (KHTML, like Gecko) Version/13.0.5 Mobile/15E148 Safari/604.1','登录成功','2020-05-03 03:29:07','2020-05-03 03:29:07'),(192,'roy','36.7.80.142','POST','Mozilla/5.0 (Windows NT 10.0; Win64; x64) AppleWebKit/537.36 (KHTML, like Gecko) Chrome/70.0.3538.102 Safari/537.36 Edge/18.18363','登录成功','2020-05-06 03:39:52','2020-05-06 03:39:52'),(193,'admin','60.168.68.160','POST','Mozilla/5.0 (Windows NT 10.0; Win64; x64) AppleWebKit/537.36 (KHTML, like Gecko) Chrome/81.0.4044.129 Safari/537.36','登录成功','2020-05-06 07:58:58','2020-05-06 07:58:58'),(194,'roy','116.149.194.247','POST','Mozilla/5.0 (iPhone; CPU iPhone OS 13_3_1 like Mac OS X) AppleWebKit/605.1.15 (KHTML, like Gecko) Version/13.0.5 Mobile/15E148 Safari/604.1','登录成功','2020-05-07 15:19:43','2020-05-07 15:19:43'),(195,'roy','116.149.194.247','POST','Mozilla/5.0 (Macintosh; Intel Mac OS X 10_14_6) AppleWebKit/605.1.15 (KHTML, like Gecko) Version/13.1 Safari/605.1.15','登录成功','2020-05-07 15:20:41','2020-05-07 15:20:41'),(196,'roy','36.57.137.94','POST','Mozilla/5.0 (Macintosh; Intel Mac OS X 10_14_6) AppleWebKit/605.1.15 (KHTML, like Gecko) Version/13.1 Safari/605.1.15','登录成功','2020-05-08 03:01:36','2020-05-08 03:01:36'),(197,'roy','117.136.100.19','POST','Mozilla/5.0 (iPhone; CPU iPhone OS 13_3_1 like Mac OS X) AppleWebKit/605.1.15 (KHTML, like Gecko) Version/13.0.5 Mobile/15E148 Safari/604.1','登录成功','2020-05-08 03:23:55','2020-05-08 03:23:55'),(198,'roy','60.168.68.160','POST','Mozilla/5.0 (Windows NT 10.0; Win64; x64) AppleWebKit/537.36 (KHTML, like Gecko) Chrome/75.0.3770.142 Safari/537.36','登录成功','2020-05-08 03:24:50','2020-05-08 03:24:50'),(199,'admin','60.168.68.160','POST','Mozilla/5.0 (Windows NT 10.0; Win64; x64) AppleWebKit/537.36 (KHTML, like Gecko) Chrome/81.0.4044.138 Safari/537.36','登录成功','2020-05-08 03:38:20','2020-05-08 03:38:20'),(200,'admin','60.168.68.160','POST','Mozilla/5.0 (Windows NT 10.0; Win64; x64) AppleWebKit/537.36 (KHTML, like Gecko) Chrome/81.0.4044.138 Safari/537.36','登录成功','2020-05-08 03:39:14','2020-05-08 03:39:14'),(201,'roy','60.168.68.160','POST','Mozilla/5.0 (Windows NT 10.0; Win64; x64) AppleWebKit/537.36 (KHTML, like Gecko) Chrome/81.0.4044.138 Safari/537.36','登录成功','2020-05-08 03:40:52','2020-05-08 03:40:52'),(202,'roy','60.168.68.160','POST','Mozilla/5.0 (Windows NT 10.0; Win64; x64) AppleWebKit/537.36 (KHTML, like Gecko) Chrome/75.0.3770.142 Safari/537.36','登录成功','2020-05-08 05:33:59','2020-05-08 05:33:59'),(203,'roy','36.57.137.94','POST','Mozilla/5.0 (Macintosh; Intel Mac OS X 10_14_6) AppleWebKit/605.1.15 (KHTML, like Gecko) Version/13.1 Safari/605.1.15','登录成功','2020-05-08 05:36:37','2020-05-08 05:36:37'),(204,'roy','36.7.80.142','POST','Mozilla/5.0 (Windows NT 10.0; Win64; x64) AppleWebKit/537.36 (KHTML, like Gecko) Chrome/70.0.3538.102 Safari/537.36 Edge/18.18363','登录成功','2020-05-08 08:02:22','2020-05-08 08:02:22'),(205,'roy','36.57.137.94','POST','Mozilla/5.0 (Macintosh; Intel Mac OS X 10_14_6) AppleWebKit/605.1.15 (KHTML, like Gecko) Version/13.1 Safari/605.1.15','登录成功','2020-05-08 10:53:41','2020-05-08 10:53:41'),(206,'admin','36.33.247.134','POST','Mozilla/5.0 (Windows NT 10.0; Win64; x64) AppleWebKit/537.36 (KHTML, like Gecko) Chrome/81.0.4044.129 Safari/537.36','登录成功','2020-05-08 10:59:34','2020-05-08 10:59:34'),(207,'roy','117.136.100.19','POST','Mozilla/5.0 (iPhone; CPU iPhone OS 13_3_1 like Mac OS X) AppleWebKit/605.1.15 (KHTML, like Gecko) Version/13.0.5 Mobile/15E148 Safari/604.1','登录成功','2020-05-08 11:57:12','2020-05-08 11:57:12'),(208,'admin','60.168.68.160','POST','Mozilla/5.0 (Windows NT 10.0; Win64; x64) AppleWebKit/537.36 (KHTML, like Gecko) Chrome/81.0.4044.129 Safari/537.36','登录成功','2020-05-09 00:59:26','2020-05-09 00:59:26'),(209,'roy','114.102.190.200','POST','Mozilla/5.0 (Macintosh; Intel Mac OS X 10_14_6) AppleWebKit/605.1.15 (KHTML, like Gecko) Version/13.1 Safari/605.1.15','登录成功','2020-05-09 03:57:00','2020-05-09 03:57:00'),(210,'roy','36.7.80.142','POST','Mozilla/5.0 (Windows NT 10.0; Win64; x64) AppleWebKit/537.36 (KHTML, like Gecko) Chrome/70.0.3538.102 Safari/537.36 Edge/18.18363','登录成功','2020-05-09 10:40:48','2020-05-09 10:40:48'),(211,'roy','36.33.22.32','POST','Mozilla/5.0 (Macintosh; Intel Mac OS X 10_14_6) AppleWebKit/605.1.15 (KHTML, like Gecko) Version/13.1 Safari/605.1.15','登录成功','2020-05-11 15:57:34','2020-05-11 15:57:34'),(212,'roy','39.144.34.101','POST','Mozilla/5.0 (iPhone; CPU iPhone OS 13_3_1 like Mac OS X) AppleWebKit/605.1.15 (KHTML, like Gecko) Version/13.0.5 Mobile/15E148 Safari/604.1','登录成功','2020-05-12 04:16:32','2020-05-12 04:16:32'),(213,'roy','180.169.36.18','POST','Mozilla/5.0 (Macintosh; Intel Mac OS X 10_14_6) AppleWebKit/605.1.15 (KHTML, like Gecko) Version/13.1 Safari/605.1.15','登录成功','2020-05-12 16:26:03','2020-05-12 16:26:03'),(214,'admin','60.168.68.160','POST','Mozilla/5.0 (Windows NT 10.0; Win64; x64) AppleWebKit/537.36 (KHTML, like Gecko) Chrome/81.0.4044.138 Safari/537.36','登录成功','2020-05-13 08:46:33','2020-05-13 08:46:33'),(215,'roy','36.7.80.142','POST','Mozilla/5.0 (Windows NT 10.0; Win64; x64) AppleWebKit/537.36 (KHTML, like Gecko) Chrome/70.0.3538.102 Safari/537.36 Edge/18.18363','登录成功','2020-05-13 09:16:13','2020-05-13 09:16:13'),(216,'roy','116.232.54.13','POST','Mozilla/5.0 (Macintosh; Intel Mac OS X 10_14_6) AppleWebKit/605.1.15 (KHTML, like Gecko) Version/13.1 Safari/605.1.15','登录成功','2020-05-15 02:33:35','2020-05-15 02:33:35');
/*!40000 ALTER TABLE `login_log` ENABLE KEYS */;
UNLOCK TABLES;

--
-- Table structure for table `marketing_recharge`
--

DROP TABLE IF EXISTS `marketing_recharge`;
/*!40101 SET @saved_cs_client     = @@character_set_client */;
/*!40101 SET character_set_client = utf8 */;
CREATE TABLE `marketing_recharge` (
  `id` int(11) NOT NULL AUTO_INCREMENT,
  `full` decimal(10,2) NOT NULL DEFAULT '0.00',
  `give` decimal(10,2) NOT NULL DEFAULT '0.00',
  `create_time` int(11) NOT NULL DEFAULT '0',
  `update_time` int(11) NOT NULL DEFAULT '0',
  PRIMARY KEY (`id`) USING BTREE
) ENGINE=InnoDB AUTO_INCREMENT=12 DEFAULT CHARSET=utf8 ROW_FORMAT=DYNAMIC;
/*!40101 SET character_set_client = @saved_cs_client */;

--
-- Dumping data for table `marketing_recharge`
--

LOCK TABLES `marketing_recharge` WRITE;
/*!40000 ALTER TABLE `marketing_recharge` DISABLE KEYS */;
INSERT INTO `marketing_recharge` VALUES (1,1000.00,300.00,1578534512,1580809275),(5,500.00,100.00,1578647788,1580809267),(10,300.00,50.00,1580809297,1580809339),(11,1500.00,500.00,1580809355,1580809355);
/*!40000 ALTER TABLE `marketing_recharge` ENABLE KEYS */;
UNLOCK TABLES;

--
-- Table structure for table `member`
--

DROP TABLE IF EXISTS `member`;
/*!40101 SET @saved_cs_client     = @@character_set_client */;
/*!40101 SET character_set_client = utf8 */;
CREATE TABLE `member` (
  `id` int(11) NOT NULL AUTO_INCREMENT,
  `openid` varchar(255) NOT NULL DEFAULT '',
  `nickname` varchar(255) NOT NULL DEFAULT '',
  `phone` varchar(255) NOT NULL DEFAULT '',
  `avatar_url` varchar(255) NOT NULL DEFAULT '' COMMENT '用户微信头像',
  `balance` decimal(10,2) unsigned NOT NULL,
  `create_time` int(11) NOT NULL DEFAULT '0',
  `update_time` int(11) NOT NULL DEFAULT '0',
  PRIMARY KEY (`id`) USING BTREE,
  UNIQUE KEY `uni_openid` (`openid`) USING BTREE,
  KEY `nor_phone` (`phone`) USING BTREE,
  KEY `nor_nickname` (`nickname`) USING BTREE
) ENGINE=InnoDB AUTO_INCREMENT=190 DEFAULT CHARSET=utf8 ROW_FORMAT=DYNAMIC;
/*!40101 SET character_set_client = @saved_cs_client */;

--
-- Dumping data for table `member`
--

LOCK TABLES `member` WRITE;
/*!40000 ALTER TABLE `member` DISABLE KEYS */;
INSERT INTO `member` VALUES (15,'o7NT74g73b7CMGcwXB1uLhMfs1aY','-','','https://wx.qlogo.cn/mmopen/vi_32/Q0j4TwGTfTJUXOcicmAFjBUSeXqIT6icHfk85WOsbfibA37KFZic6pfA6W1l2W8QNYS5vROyQqbIEeRPiafLgPas2JA/132',20.94,1579241279,1581134744),(16,'o7NT74tyKpNGvKmCf1K-v9r0BMb8','10.11','','https://wx.qlogo.cn/mmopen/vi_32/Q0j4TwGTfTJWeI81aF2k7ccK4xDEkWXaEjhI2Km8vYeicMTgsGz3Fb1CyHAAgCdnWJjXuA1lLDtUzrMBV3gAnqQ/132',0.00,1579243694,1579243694),(17,'o7NT74vLNDAhtcSTsJ7cQeR12xO8','傍晚升起的太阳','','https://wx.qlogo.cn/mmopen/vi_32/Q0j4TwGTfTKIRSxInCiclMvI6owHgaCQm2rWWyCSeLMRz0JbOTSOMia1icNfNVzw1xbOGalxcNo3CHwChwufXNCvw/132',0.02,1579245970,1580868802),(18,'o7NT74qOnMHNkAzNxIm7d-kn3jhg','冉佳琪','','https://wx.qlogo.cn/mmhead/MqIfMcqo5NyAajjVxSDZMr91Qrpy6WwrRL4yhQM2oY0/132',0.00,1579297800,1579297800),(19,'o7NT74mZptcyKNdThVzs5oS3qe-Q','母笑阳','','https://wx.qlogo.cn/mmopen/vi_32/PiajxSqBRaEI0peUqcKBY2AibX0BebicK3Se1M08vCOHpWPVY84OKOfQGQ9O8jxk7wPDUYETXKdjjoHhD9FcplrTA/132',0.00,1579333113,1579333113),(20,'o7NT74vHSfYrWzGjmFcOzFLwi6oE','Roy','','https://wx.qlogo.cn/mmopen/vi_32/DYAIOgq83eozL2zfHCrLPfgKVu69228mB6UZ8vjMzx4tBcsrA1cUY0JPd8KzKkqEBPgDbfOH7tQ8foxsQyu7sg/132',0.00,1579340978,1583907080),(21,'o7NT74pnkaDXnkfug3XfskNNauYY','Gyro','','https://wx.qlogo.cn/mmopen/vi_32/Q0j4TwGTfTIK5TvjicrqLs5tr2CFZ594jMBdsxBa6amaBxUXGo0GaXB2R1ia2QWQsKs4TIZCicrKUmgufzcF020cQ/132',0.00,1579341167,1579341167),(22,'o7NT74g3Zzd6Lrt0T9hjAwZv1Gik','不愿将就','','https://wx.qlogo.cn/mmopen/vi_32/Q0j4TwGTfTLiaRGQaUu7ZtCuvrXGbr4OAAg5A0aKCicPWnic1huqvAo0MyGFGpm6QqlI660Onn2T71Kl8234Sg8Sg/132',0.00,1579341956,1579341956),(23,'o7NT74pXF7jySGxjtjW63neH5Dn4','R osemary','','https://wx.qlogo.cn/mmopen/vi_32/DYAIOgq83erPCpngk9Lx3B2O8y0tf0ulUSBaOqxHCzyLHtcN44VMEb17l2V2BtqmNw9ZYiaG6zupjfrVwZFV0xQ/132',0.00,1579342255,1579342255),(24,'o7NT74ori9tYolZy1Tkh3JI37vP4','匍匐','','https://wx.qlogo.cn/mmopen/vi_32/IibKYJg5pWN1uBqOibQtCjtkyT9NeDUiangU4icIXOj6URRGYPrIVtSwsonX3M2YUicJykyavYsgU4G1UfCiczMc0R6Q/132',0.00,1579345639,1579345639),(25,'o7NT74kPvM5mKiXIz4F2r_DPwof4','陈碧天','','https://wx.qlogo.cn/mmhead/Yr1LMYX6KTaOlic5qThibhniaX1T6hiciaLYsFhy1tIC8UQw/132',0.00,1579389142,1579389142),(26,'o7NT74rqF0JTXEOMNAU5gxPQ63KY','?','','https://wx.qlogo.cn/mmopen/vi_32/Q0j4TwGTfTKhbWxADvhibp9vTVWRicPicT5lfFlqSDX0242H9H0wAM8rOe5E4pZmyoKbRia38CPJBwqvOciaohM9YRA/132',0.00,1579407002,1579407002),(27,'o7NT74qDTzXOetofu0LiThDjdfIk','王昌栋','','https://wx.qlogo.cn/mmopen/vi_32/y2gXm61b7yxDUKpWnoAa4RMdT9zPWaebEkDiabzibSxQGTtWR06s2mQ6ic5caNTZOkNIqvBvXSUgQIvUyXzJAfpGw/132',0.00,1579415682,1579415682),(28,'o7NT74sdP6uAZ6QQFlx6NX2X6Pu8','售后培训零零妖','','https://wx.qlogo.cn/mmopen/vi_32/PFCIY4HVjo9UBhEDkQebqWbr5VlB0TtSDTcSsARKtxiaEJar3XtwjjGRH2VgCGnUDcl2lIicpLjXQ7ZuNjrwkHLQ/132',0.00,1580868874,1580868874),(29,'o7NT74uafpKtB4o1k2HHqKpXceFY','陈致希','','https://wx.qlogo.cn/mmhead/KGibZnZyTbMvia3vye6IMXy4QFhNp7xx0PtfzftmqsibvQ/132',0.00,1581387918,1581387918),(30,'o7NT74r6P85DOAcRJvSpiZ7T1Z-c','jarry软件开发米哥','','https://wx.qlogo.cn/mmopen/vi_32/Q0j4TwGTfTI7hsTibhnpQP56q0wHadUMffAD4kJnFSribYQZ0z4WjV1Hjq10ZicL9fL4M5Z4QfE5k1onR6ibV92CaA/132',0.00,1581510069,1581510069),(31,'o7NT74obKEhto42lfPJsmm5y7XQU','黄俊铭','','https://wx.qlogo.cn/mmhead/ckv4qrTJGxHXrStpIcFvpgzqvtgfh58dyxDZucIibuHk/132',0.00,1581518215,1581518215),(32,'o7NT74nrjqy3GhcXZk1p2KSocsuw','安子','','https://wx.qlogo.cn/mmopen/vi_32/wg5tUdseGGheTI31CHBnbX5xhFvLSzMzSsd3wicYgrYaHTCq4SYia6IEtKibcPMXslmbBGib6XyZ1ib7NvI0LutMegg/132',0.00,1581675272,1581675272),(33,'o7NT74lBd0OdVprF-zFiIZ6WE4wY','乔洋的烂借口','','https://wx.qlogo.cn/mmopen/vi_32/E28pgiatTUWmpibHWoibLBSv4yCc6fyXic43f2r8IQiboB92oQicmqjzBIjwCrAawBRhOhKo7MZ2uiba8Pu1sATO0Zhqg/132',0.00,1581754357,1581754357),(34,'o7NT74neDC8r0BmFOt9laAAny0zI','林冠廷','','https://wx.qlogo.cn/mmhead/vt10oB6QF5mTXWprWicBq1CysnyF0PKEVz7wibPTYIn6w/132',0.00,1581959626,1581959626),(35,'o7NT74uU6of2vaevlSGFjnRvRgZI','魏剑帆','','https://wx.qlogo.cn/mmopen/vi_32/nHTeBrP98wybSrUUANqibUUCI8ch9CGpcCdbsofFV3j3hdh1apwyzmbkGXuibH9VXJJDc04mtnqfj5ppgu8yzeWQ/132',0.00,1582086822,1582086822),(36,'o7NT74t5VJea8SNRsU1_QSEPBU1o','苏碧绮','','https://wx.qlogo.cn/mmhead/oz6ooeIZaHUUgXkppow7ftEMicvu9SbiaWbx9HwYXBtrA/132',0.00,1582160470,1582160470),(37,'o7NT74iJ4d7EAYRILIDcimEI1TMg','黄雅如','','https://wx.qlogo.cn/mmhead/wsLbTgRR2iaqLDuVQynRa8txV7A4B7nzNFDK0vkEu5pQ/132',0.00,1582374680,1582374680),(38,'o7NT74t708vwnnp4uCbFtDbBEorc','夏志豪','','https://wx.qlogo.cn/mmhead/ew3yrrAdticeUBRkzu4QCpzqASDqwyJRkUBYbicbMdAeE/132',0.00,1582517705,1582517705),(39,'o7NT74mYI8ppd4yE1AGSVA1UnU58','潘欣臻','','https://wx.qlogo.cn/mmhead/1g0iax6wubUmYibpETSa5W8YqxaV0CnNKEic9aib2dJOCJo/132',0.00,1582518432,1582518432),(40,'o7NT74p7EMZX7x7S0ADkemAKn4yo','JR','','https://wx.qlogo.cn/mmopen/vi_32/PMxC3hj0bIzuZWBotkowhN4QKsmeJjTZ2WB4cYuPnzVlTaMPGnuNdasB6HPb9VkAgAhGY33pRSqyVJq93r4xPQ/132',0.00,1582603820,1582603820),(41,'o7NT74mJ9Vr2aMgty_H4sETFOTGk','蒋维茜','','https://wx.qlogo.cn/mmhead/flS6dJAtuf0ibGGRo2CeE12mBicMgNbx90MdE5RWDRPA0/132',0.00,1582687542,1582687542),(42,'o7NT74jjBfW_EwFjYYGf6G4vF_dg','sanji','','https://wx.qlogo.cn/mmopen/vi_32/DYAIOgq83ery2ET5DibRIu9U1fRmL3FnScp0hqgWe6PHJVIx8IkfuJXtuJV7GYcylpfYs7IMyWMHbMeeIXdPblg/132',0.00,1582722895,1582722895),(43,'o7NT74szKBx4IV9rWrc3krcM9nNo','猴小炜','','https://wx.qlogo.cn/mmopen/vi_32/y2gXm61b7yzRvibIVPj6kf22DWeq5kuZP0fcnKicmmyaTAUzmy9qqBds0xNMAtF2ykgib3uOZffiaxuDpkrlNs8RTw/132',0.00,1582743388,1582743388),(44,'o7NT74j1jsrVrh0m624O5D4kKsCE','杨洋','','https://wx.qlogo.cn/mmopen/vi_32/Q0j4TwGTfTI4iby0iavdDNm6QibIKc4XnODkOAnxCRLZBbiaORInIyxBBzz57XBdZHFhhiaRtgbVHzordj6RVH77s9Q/132',0.00,1582960335,1582960335),(45,'o7NT74m7KXhH6iakV5cZZeuwkA4U','XFH','','https://wx.qlogo.cn/mmopen/vi_32/Q0j4TwGTfTJ2wsfGKet6UQXRlbdaHUbXndaBqa0d0x7ocybhicOD8mzOQ8COkgqWWiczyTaDU3s8sWmMkTeYr19w/132',101.00,1582979067,1582987865),(46,'o7NT74iK7C1E6KhNuTI38HNWI8kI','7_','','https://wx.qlogo.cn/mmopen/vi_32/y2gXm61b7ywxfQTiahPKpeicJiaJYJVUHnY4DhrrcWoelQuM3icFHbica6ibf2gVH4RicJzyFV6lDgOFSzgt2XQNoKZng/132',0.00,1582979737,1582979737),(47,'o7NT74iZdYSsVolIMgwdU9GmA3Uk','小天','','https://wx.qlogo.cn/mmopen/vi_32/DYAIOgq83eqKKQBN5ialT6xm0T9zLFibtjgdeF1iboPm9ibCwDkxDic1OGFJlVzy93VfaibQgG27XOD6ach6MLTzxmOg/132',0.00,1582979949,1582979949),(48,'o7NT74hLgDmFHjRGqfWSI_YrTKTQ','高桥靓仔','','https://wx.qlogo.cn/mmopen/vi_32/p2FjMH9AhUYwWq0UDKawqUoWVJPAGAHOibLJdVgAIYDR8R88GxuWzDQJDudbvd0wmOJfAPZXicUSKL0UbhGHxs2A/132',0.00,1582980510,1582980510),(49,'o7NT74pDGC0XQT-ysMttTTUYWPUc','Steven','','https://wx.qlogo.cn/mmopen/vi_32/Q0j4TwGTfTLmB9vUkasiarib6xREDTtjH9cv6MSULrBcWNsGal2pibkRrxa31ne9IyODI7uqKzkaexP2UJhjbicarA/132',0.00,1582981008,1582981008),(50,'o7NT74sZ4AyoZ4mF87Q8n_TcOpME','nuclearcare球鞋清洁护理','','https://wx.qlogo.cn/mmopen/vi_32/DQciaFxhsuWkIyxlYvb2Pd2kuUAkpE4enbrwHtqb7XpQKVzTPqJuqV1h7oqwqd2FDB7aic5Cwnoe4l2wEIXj5ibDQ/132',0.00,1582981794,1582981794),(51,'o7NT74jt3hSAx4Y2gXR0jE0tp_hk','Sunshine.','','https://wx.qlogo.cn/mmopen/vi_32/7bhsZ8bxsY6azHtDZNRDnrZjuAVkZdEeXaVuiaOEojeU4LrQ5eeItLqsGR5chmrnbfQLHP17BwT4dpxYTkJpdRA/132',0.00,1582982752,1582982752),(52,'o7NT74rACE0T8Thi6hbu7qmxm_CE','泛泛','','https://wx.qlogo.cn/mmopen/vi_32/Q0j4TwGTfTInzn8A9mtuOMY86GqPiaFicHcVdic6Tc5XB7GBIyW2hE7TxoaaCLzh3G1w13M3lmNJym0peamLtoLNg/132',0.00,1583023797,1583023797),(53,'o7NT74jdlNuj88oyeb3xaMxGbnsk','辛福','','https://wx.qlogo.cn/mmopen/vi_32/PiajxSqBRaEKyjeEBXKmiczled5XNcclNmorY29iclYK4N1tEP66FlfhbL95v51gBJU5AP4kEXbbMzA2EiaSiau9q5A/132',0.00,1583046120,1583046120),(54,'o7NT74gJoV4-m35heC2KU_aAJiW4','nice','','https://wx.qlogo.cn/mmopen/vi_32/jv4H7MhH48IbbM8zCxAxtPDgofXQhm9RwGGdPs2tCkAUvGxnZDMzLl2ZTF5OpJpGVfSBibQM9cYMRp4bFt22Q2A/132',0.00,1583165501,1583165501),(55,'o7NT74mRiNd3oZSBQve5UQRe-gUs','小机灵鬼儿','','https://wx.qlogo.cn/mmopen/vi_32/Q0j4TwGTfTJoHHibbxS2gia8qvx6XhD4HHGWJyciccwiacLqWoxb88u8gBL3xCbMJ2w3gFsLzh0TaavanYhQ6CJwJA/132',0.00,1583286287,1583286287),(56,'o7NT74mmd8GnzBF7NlWYE4bqcsoo','Can7y·Bryant','','https://wx.qlogo.cn/mmopen/vi_32/PiajxSqBRaEL0pFMAficRyzQicS8pBnkRmRibGAAkqKJqHImYib64X39cDCLTnpBicsWjpXSRT2xb03eZcFZibKguA9LQ/132',0.00,1583292919,1583292919),(57,'o7NT74uMSAAtXc1isrZun99LR2mo','[爱心] @ 看 我 的 昵 称 超 级 帅','','https://wx.qlogo.cn/mmopen/vi_32/PiajxSqBRaELE2opBW3hia2aQ1uK6DA2p8cAu1Mp0BJUwwbcpeBMOib34n0qaEO2H52xcsg0Nae5UMrmbX6srEpfg/132',0.01,1583302897,1583303275),(58,'o7NT74uCwnu_qzup3whRR-23FufI','无','','https://wx.qlogo.cn/mmopen/vi_32/R49V1r2jPtHnOwSQer6dQI9wbWdiaE7NFbnDvjV8mce2JmmMiaanjupurAEFkA2q6GMFD4ic57ywpibz4LHY1NzT1Q/132',0.00,1583346123,1583346123),(59,'o7NT74uwC1zsqLDUPM5P3xkChjcU','3ho.','','https://wx.qlogo.cn/mmopen/vi_32/ic1dicIKqtvUWh9qicBgA5OViaK833TEUYicicMmbDntvtv3vrckoSIAGkTHq8rOVDquxj4O6fbb9mVafk8BsQe06ZdQ/132',0.00,1583405456,1583405456),(60,'o7NT74o26aWlLNAfBQ4Ca5zWcGeg','麦','','https://wx.qlogo.cn/mmopen/vi_32/Q0j4TwGTfTLYLTEnETQkEwPiarG7tVTsVZ4iav8W6gpkibLG7f1eJ9nLFibG0ueAnibQ924wZbuFajsLmA2tXmW2oEg/132',0.00,1583409602,1583409602),(61,'o7NT74ifiry33JI0Yt7zyYswR-uY','?','','https://wx.qlogo.cn/mmopen/vi_32/DYAIOgq83epthvmvOF3zwWhAQToVL5GJvyluBia1SxxGS4icFPz1j9x0R7vwic5q4YRUx6rVsu5yjNK0cyFyE0BOg/132',0.00,1583409854,1583409854),(62,'o7NT74h1E29anqlh9LK66FJpl2JA','yc','','https://wx.qlogo.cn/mmopen/vi_32/Q0j4TwGTfTJkGGBK46EQphr3AcIPfzZLjDVWGBM1P8uj30UBBt8X0uciaCIq34pnJ1nv6tdwBFNsiaiagnOo99jiaw/132',0.00,1583410534,1583410534),(63,'o7NT74n8r3Muo2UK5TnfHFZh3O0w','?','','https://wx.qlogo.cn/mmopen/vi_32/Q0j4TwGTfTJneyUKN0WPb0SDeicVJlS7fQziajx46v4gzpc1IC88ThnOxVscBfBy7IszUhuia9F4QHbUicWiaibGeMJg/132',0.00,1583467850,1583467850),(64,'o7NT74lQlAcJmkgX_fq91jKWGsZM','XIN?','','https://wx.qlogo.cn/mmopen/vi_32/Q0j4TwGTfTLib770QugRuQTicicIxWYUctvMPLIzS8L13nTHVCLfibSUlqAH1jxMmb4JQj6oLeGbeibwgTicJx3MFWOw/132',0.00,1583473702,1583473702),(65,'o7NT74pnJTv9_i-4sE2_5bgFoRxQ','李文彬','','https://wx.qlogo.cn/mmhead/62Btia6wiciarQvceaL4B4p1BgicPKeiayvvTtcibRObNCYdg/132',0.00,1583686601,1583686601),(66,'o7NT74ir2_50ZXpd658f0j023_3k','张芳坚','','https://wx.qlogo.cn/mmhead/DdwKxSVfqbufxSQUjpmV4VCroicibc172232EJ43rqoQc/132',0.00,1583686637,1583686637),(67,'o7NT74p_p1HbdIM8zIiNbRa9i5D8','?Natasha','','https://wx.qlogo.cn/mmopen/vi_32/PiajxSqBRaEKsp4hPyRroBpbcoatwaaAKAj0xFfMdfypJgxBF4m1v7sM83DxNI7dGaAzUczECob48icxEMJegDOg/132',0.00,1583747366,1583747366),(68,'o7NT74oNRqyBngV-n93Ouoas7x-4','Y','','https://wx.qlogo.cn/mmopen/vi_32/mjxc6w9tL5ibHkRSqfCxflOZgLZcJYBv1SufuOTP2c1Hib5WCzfpSaVa9NgukSMPxlJCpSBuYszgiaKk7zCgQO1nw/132',0.00,1583749756,1583749756),(69,'o7NT74lN8hz8Qa3uPpJgqAcrUUOk','？','','https://wx.qlogo.cn/mmopen/vi_32/DYAIOgq83er08Veww1tt3jlBY7SXATSbq3pAZIGsYh0HxuQjRfcB1VmQI3FrqkF4hicS0APYHVwszvuwVCQfEhw/132',0.00,1583758527,1583758527),(70,'o7NT74gkn3WaSxz_tGC3CH17h76o','Follow','','https://wx.qlogo.cn/mmopen/vi_32/vxUkh7bnfiaJYLYc4YxVkiagjbHteN1q6IibGQChPl9hnhclftPLVgauFL3TzO1LAqPStqw6mw6W8OrIq2c6e7VTA/132',0.00,1583766349,1583766349),(71,'o7NT74qUeMdc08Y0GwUu3fF5n9IQ','丸','','https://wx.qlogo.cn/mmopen/vi_32/Q0j4TwGTfTKqGia622ria1auxA1EHF6bCMCKaFibrVbpfBRBZAyOYe53M93GlAtRCdofRg5Jle5IunhyQqzoQGy8g/132',0.00,1583889250,1583889250),(72,'o7NT74jGtcYCvcz6EIUQvqDD9w1Y','Eleven','','https://wx.qlogo.cn/mmopen/vi_32/DYAIOgq83eob3dABI3SGgzaIjecnlJcIIJXV1rXXy2xEbmgYJQVgib1dbaEVicHMPu634vgebL61O8yCR9vyGyUQ/132',0.00,1583890607,1583890607),(73,'o7NT74toQFZrE0FOjHwBFPvqIM6U','gt','','https://thirdwx.qlogo.cn/mmopen/vi_32/Q0j4TwGTfTKj1yd41E6qRHUwFnX1HTEL5ticZeibFrpgWhwL6UnQxZ6OWibsfrSRmgNBgWGibjuViawXNxm9AWCXGHA/132',0.00,1583890908,1583890908),(74,'o7NT74tsFHH6S0vzQxQfKJ13rYco','?buibuibui噗咻?','','https://wx.qlogo.cn/mmopen/vi_32/mIibKA91osicPqCgnVCIXQOaaszQnUz0JTMkPhuibLibfIOmp7ic33yEbWFnefc2VX47tOBsjceibgXo8y2tnaNkpm6Q/132',0.00,1583906762,1583906762),(75,'o7NT74tXqaVJfG_rb-P0YZteCMrQ','天見','','https://wx.qlogo.cn/mmopen/vi_32/9INpRryEvOJIJtvc9W1hCDtEibeHY5PlIiatm1FWf8JfvOuxh7ibnkic4cC9rgJDZN9Rmib7Caaop1JKRxTymP5BGhQ/132',0.00,1583930392,1583930392),(76,'o7NT74s_cvs0qt-wfGshq7TXrG-M','陈雅竹','','https://wx.qlogo.cn/mmhead/gS5xVyTCH9EDOF5zXk8nzlk1rtjt716iaEiaUT1ibcib3Fs/132',0.00,1583967753,1583967753),(77,'o7NT74rT8HNn1_i8pf3_LbPEdbTE','杨希香','','https://wx.qlogo.cn/mmhead/GJlfgvOgZ9ibvPxuXZKsDtvNa7wjGOVSyiaTeNrFJI0Eg/132',0.00,1583968276,1583968276),(78,'o7NT74nEDxuO5jq_X5lCNU_PSQM8','陈珮吉','','https://wx.qlogo.cn/mmhead/3SlrLwt0T5hAXXvBdicJjicvJR93s9k6cvDwLy8a4iavtI/132',0.00,1583997355,1583997355),(79,'o7NT74n85gY5TRTl_ef7s__impFg','姜贤喜','','https://wx.qlogo.cn/mmhead/AV7HfW2bsiauQBVOicrlfrXdWlegDsGNtAqvMnEic3CPia4/132',0.00,1584008984,1584008984),(80,'o7NT74ogWqDzyWoWl6UkEeRNv5ZM','谢凤泰','','https://wx.qlogo.cn/mmhead/T9CEia0v4OAyhxhrHxUzOkzBozsK8O4vGzcNciagUJF7w/132',0.00,1584014409,1584014409),(81,'o7NT74pA22uuVaiX0jpyCBtLzCfU','许军菁','','https://wx.qlogo.cn/mmhead/0TicUpQ4jCxeFicUUbY1BgCKGZYibbdR0VCoZjHvCBB20w/132',0.00,1584038998,1584038998),(82,'o7NT74u9rSDTJF-P1LTDQOXsIzow','许芳喜','','https://wx.qlogo.cn/mmhead/p0ibibQtMpWYyw244WUSrnwrwl36c9oxpU0vNF9dFsI5A/132',0.00,1584042597,1584042597),(83,'o7NT74jOnUEiEvEZdBLOh8XIr8IA','吴裕美','','https://wx.qlogo.cn/mmhead/dbmbvl7UYS8hcRelNJTkocl0MhM0LLmDlApB27KHLlw/132',0.00,1584042985,1584042985),(84,'o7NT74oRYdAHV_g_TPz-_ChLpAb0','林豪清','','https://wx.qlogo.cn/mmhead/fpdRiavnXhARKZYczIsibXn6BF7VsaTmHxZSB8ic6xLdJk/132',0.00,1584063194,1584063194),(85,'o7NT74nWl86OpRiFirBulSSn5_T8','陈如筠','','https://wx.qlogo.cn/mmhead/K0olExic1ZUXqicdicMegBic0kkWw8tp7WXib0B5L68dKyh0/132',0.00,1584129132,1584129132),(86,'o7NT74uPCbl_ujNHHpfG8BKh85Ts','涂芳坤','','https://wx.qlogo.cn/mmhead/u1q74lON9J9MfWicSbcicZvWIy6ZDiblFPibU7gqmogqemo/132',0.00,1584131014,1584131014),(87,'o7NT74jY0azBrIRNfE7RLEJrdMmw','张祥蕙','','https://wx.qlogo.cn/mmhead/Yr1LMYX6KTaOlic5qThibhniaX1T6hiciaLYsFhy1tIC8UQw/132',0.00,1584147755,1584147755),(88,'o7NT74nsTZaQCjsd473Bn6MxW0wg','傅怡君','','https://wx.qlogo.cn/mmhead/ykn76iaG5WXBgmChLicT9u9hl4IuaGtfb5zS6iaOiaCTA2U/132',0.00,1584148039,1584148039),(89,'o7NT74gL5LhUawrT0_tAV66_sGCo','张翠廷','','https://wx.qlogo.cn/mmhead/Uu9ooRGYPib7Wq4RDRWsHYau18MVglxY26ZglEJXkia48/132',0.00,1584149927,1584149927),(90,'o7NT74mNYc2c4wAkTGU_MuLsF8KU','Kb.','','https://wx.qlogo.cn/mmopen/vi_32/KEYE9gVeFEGESoGAibkHOdpGLqnicaj2pHaQMXeZDrLFNjTsseEibnMVrBPOibjEibe1qYRibDhoGV1sCibdwUt5URNLQ/132',0.00,1584289439,1584289439),(91,'o7NT74hig5ZecJrmGFLANhrN_tMs','王多鱼','','https://wx.qlogo.cn/mmopen/vi_32/sfU8tLVhF6cTgsKOkYTkkibNbibibaZuOf8k9xv6nMwTo5ia4s2FhNl7BgyUfRn0Th5L0HBcaaUWsLicJCZzPC6A5yw/132',0.00,1584875705,1584875705),(92,'o7NT74hgFmfzyZj7LgmEkfhSYx4U','Spirit、YT','','https://wx.qlogo.cn/mmopen/vi_32/kzDoia6Q85z6pcAaC4HU5E2YvlbGaFHISCY8A12EzLeJY2Gk82DPezTq9hyylJ5ZBuWuJWCKNAPj2hh6hR7lEyg/132',0.00,1584979274,1584979274),(93,'o7NT74tXwd0uYmXHQyzNBg30ITzQ','Ellie','','https://wx.qlogo.cn/mmopen/vi_32/DYAIOgq83erh3hGa9nN2OCSNMn17ecUUZfXIX2sxFv0ic1bLbbQVnKSKWArEdA5LnB0P8ubfeufibUGc66TZoZOg/132',0.00,1585021640,1585021640),(94,'o7NT74vfeU-QJpwMV2V1Y7Jr6cag','是双人余','','https://wx.qlogo.cn/mmopen/vi_32/icqYPhygUOyUYlPQn2Jx5b5aMsBcOt2A3dZOtk4iazAllLkOxpMSTMf0guToiaKRYJbjKyialXDFC31veN5E9U2PTg/132',0.00,1585031848,1585031848),(95,'o7NT74vOWsAnOOtcZz1zQhBGkY_U','许俊来','','https://wx.qlogo.cn/mmhead/c7icMyZFV8t3uicRbVd6NVicLS1nueu7QgActp90IvQXBM/132',0.00,1585441623,1585441623),(96,'o7NT74lKigL-H19G70W_31BkBIfA','我想成为数学学霸?','','https://wx.qlogo.cn/mmopen/vi_32/hBibB1GafiayFwySJ7RkkGtAyREhxIzuyibxiayGFou8e2MgbZ1icicN5GYiadSRnbaK7PVX1Ej5dkXWybkR71xN03nbg/132',0.00,1585797216,1585797216),(97,'o7NT74rPV0YYIcPrRfysHywl326o','            ','','https://wx.qlogo.cn/mmopen/vi_32/2BZEwjI6KRTRU7ZH0rftsBOibYnvI4gKMIv70uCMg4KDQ8uPfhCDH0bB5AHeuNvRvFAe0kZYRNrDKSGk5QccLVg/132',0.00,1586004321,1586004321),(98,'o7NT74ilHhSodgr-hpV2D9ZsdQxo','陈璇春','','https://wx.qlogo.cn/mmhead/FwYIKXMtr3SiaMpibyT7ZwccribE5eoZ8MZKEuGFMHDBMk/132',0.00,1586106136,1586106136),(99,'o7NT74ledC85tq_njbtlx4hYwB-M','黄琬雅','','https://wx.qlogo.cn/mmhead/wZqz7YMJicDGGV6YN8D1SmRaeOE2lMJDaGjnAeFNYRac/132',0.00,1586106156,1586106156),(100,'o7NT74oIavOfBTL3KNXa2qsKm8Rc','赖宜君','','https://wx.qlogo.cn/mmhead/edsOKzKA7IsHicWEMWibdudrqevbQ9ujA5s3yd690iayPw/132',0.00,1586198483,1586198483),(101,'o7NT74jZSRGBIT0r8PurcBP3BP3c','黄丽政','','https://wx.qlogo.cn/mmhead/w4GpsHaC0uR3jicaHOJl9GZxn9C88fMoM7cYvLLUU9cY/132',0.00,1586202191,1586202191),(102,'o7NT74i7fTXNBijaX8gwN2GAeVKM','林奕翔','','https://wx.qlogo.cn/mmhead/oC1amSXEWkyQHIpKb28pPRSXu8qCG03ic7Diadlgo0yuk/132',0.00,1586205224,1586205224),(103,'o7NT74rOHj8nN6RmQKqkqrb5-yKA','许佩玲','','https://wx.qlogo.cn/mmhead/gWmvGzYFYjyVyW1wX2Z37kGCmtqiady8OHV8vBsReBeg/132',0.00,1586206819,1586206819),(104,'o7NT74iQ79ZmL5iEGeXsMqIa4-DU','洪嘉安','','https://wx.qlogo.cn/mmhead/EgQz4hfDj7c4CqMIaoMcvWysQkRYiaFY5ib6fDEvJsE8o/132',0.00,1586217333,1586217333),(105,'o7NT74qVH5BROgzmptm2rMiRUTGY','谢柏钧','','https://wx.qlogo.cn/mmhead/Hu0ibGUIncFqJF4TmsaehibSXkIeh9n8pFiaP6wCw2icXFg/132',0.00,1586228414,1586228414),(106,'o7NT74pMUXkQGcpbvXVl8zCinUD0','陈恩定','','https://wx.qlogo.cn/mmhead/n0VcGibicD3VN0sbZuq4HDnYFQwR5pQHKxeH3ibicQRibf1c/132',0.00,1586236003,1586236003),(107,'o7NT74oRS6CXbr9-0JHfCEH8WQgI','徐宗倩','','https://wx.qlogo.cn/mmhead/LicT1Os7MCXCpAxPia5KmlYEWNJmRbdfYHe4FWmyfQYQc/132',0.00,1586236224,1586236224),(108,'o7NT74quh94zxdyPSUisTh1s-_Cs','涂佩珊','','https://wx.qlogo.cn/mmhead/aYTlic4VhShzZF2noVXnFJ32tvLLuM1o4NJNovS0gZNY/132',0.00,1586238281,1586238281),(109,'o7NT74lJRx5T3WVN2M_pDyqwS3Po','洪名桦','','https://wx.qlogo.cn/mmhead/oAaSBUdLBuKQpFpTdFFfb5iardlicjO1ibiaVEqkw3KX97U/132',0.00,1586246142,1586246142),(110,'o7NT74qvT7jnPZrJBLZhjeLlBVIg','HipHopMan','','https://wx.qlogo.cn/mmopen/vi_32/Q0j4TwGTfTKOq06BlepricIL3yXDovfBje6haamaRZ3NZnR6LZaDwn5gOd8QlcPKaPGkwFa44uFx0vw54LAc7WA/132',0.00,1586270738,1586270738),(111,'o7NT74jboRDssrmp6mrH7xz2DWe0','胡丰容','','https://wx.qlogo.cn/mmhead/XZ6aaVSowW3TUibRdOcLmS2G0uDWcLsPrZnmPAXupUCs/132',0.00,1586330189,1586330189),(112,'o7NT74s8oQXG_FEii5Bq8wIwk1gI','柳协洁','','https://wx.qlogo.cn/mmhead/jB6iaw44YtuxSX2ia97yMUaN7hQHXW9Lsf01qiak17r5tc/132',0.00,1586340172,1586340172),(113,'o7NT74grOc2GElexxqxrTe3yium0','歡','','https://wx.qlogo.cn/mmopen/vi_32/Ck4FBErpAseKQiaPt3epwH6xpicoFtkQsRu6BiaYOMcmxjtE03Yw2sibb6iaO3nMp0IrwW1NGeoWJ2molib5U3Gaq9wA/132',0.00,1586346487,1586346487),(114,'o7NT74pcj2pPu12Ht2EVjkhYMTQ0','瀚奕-信','','https://wx.qlogo.cn/mmopen/vi_32/ILuNe5lcskYibZt5VCZ4t3richw7hsnjm5cxDvjqpwcEU0S1uU9CgR82woINibyjRAuUoZVRCL0ubv4UXTcc3dvdA/132',0.00,1586348628,1586348628),(115,'o7NT74hsMS9ygB12t5R8rDQ_1iU8','方淑珍','','https://wx.qlogo.cn/mmhead/9KHEKKHyZsBBzAR5sw4S1ia8fvu7ZxibbrqhAC3davfN8/132',0.00,1586349108,1586349108),(116,'o7NT74gnxQTUVxx1aeE3vhitexQU','王志瑶','','https://wx.qlogo.cn/mmhead/EP6dtxCBjshy7ADibpJArTCItiay6oZglMxxHGDkUFMyw/132',0.00,1586349896,1586349896),(117,'o7NT74mAQ5Ttzd-QoieSiDtwqiRk','娇娇小可爱?ྀི','','https://wx.qlogo.cn/mmopen/vi_32/1R7lHGBvwPRDSduehspiaBHWg3eHYgaGZQJTFsYrE8Y9HGHfHtL7ehKFeGAD2kg4QAWpr7Sibhe8B3e0ZPiasDruQ/132',0.00,1586350009,1586350009),(118,'o7NT74u_4RE0n0eeWkjgWCknW0Mw','李乃豪','','https://wx.qlogo.cn/mmhead/hU7SibkqNnGr0AW67DnM5NHCFkvIRcznzdEdYRVAYz28/132',0.00,1586359703,1586359703),(119,'o7NT74rnlggkJtp1FEXtAuGwi86c','张哲元','','https://wx.qlogo.cn/mmhead/DdwKxSVfqbufxSQUjpmV4VCroicibc172232EJ43rqoQc/132',0.00,1586374008,1586374008),(120,'o7NT74ulDKkniI83xQRw-4tLVn-E','刘欣沛','','https://wx.qlogo.cn/mmhead/e7ZsDmcUN4mF89Jm2UAuhmiaGXOvYXbrrzOtuK92NbBM/132',0.00,1586384748,1586384748),(121,'o7NT74tJeHgjqWJxQtmSKxh1Xq_Q','郭素仲','','https://wx.qlogo.cn/mmhead/DQcDZ8gJJDoCNKRECfBn7hpBkQ8re9tDYXnnpJxZ6oY/132',0.00,1586387315,1586387315),(122,'o7NT74rUpCsvkZbQpeTVKvrrucas','廖婉修','','https://wx.qlogo.cn/mmhead/yc7Lfic8q0I4sMibvyaK3j8ia4fmq0yvf1vDicxtD6G4fXs/132',0.00,1586416227,1586416227),(123,'o7NT74qbYSt8q73IoXMLOHUd02fU','戴圣杰','','https://wx.qlogo.cn/mmhead/2DvBlZ0czcFMQoicTTPXwIzZgD7CWxKbAb8QCVHyhQ2s/132',0.00,1586438295,1586438295),(124,'o7NT74oZRIrq3XkBldBvUVtxImqo','吴嘉凯','','https://wx.qlogo.cn/mmhead/s5jefahIyasLYvXKdmAk2tic5jDMeJTMxu8y3SEyFaW0/132',0.00,1586495427,1586495427),(125,'o7NT74mGsZ5l-LPqkBYVBSmdx1v0','刘俊佑','','https://wx.qlogo.cn/mmhead/xkrz1139qzwkjWiaC4addpkItX8QasK7ic0Jrbe54TJmo/132',0.00,1586506415,1586506415),(126,'o7NT74nOcZE9EhzlgXVbg63x2MJY','张哲嘉','','https://wx.qlogo.cn/mmhead/5Nc6EVibjiakNhk377fDugX17meibFgWU0L4XGKX7kGaz4/132',0.00,1586507761,1586507761),(127,'o7NT74jr72sobsuRTVF3XyBF3xRM','陈惠婷','','https://wx.qlogo.cn/mmhead/wneFLC57KxNicJKPaEwpAS5lOwaGPLia5QJhfl7jFOmQY/132',0.00,1586516923,1586516923),(128,'o7NT74sJVo85aYZ5OcgC75nZbnJQ','郑江冰','','https://wx.qlogo.cn/mmhead/3XnG3pcrkMxG4WudTicPEbjgMnSDGVRTdyDz3M7fP0c0/132',0.00,1586518131,1586518131),(129,'o7NT74kHFKB4wD4isPUGn9RFk-kA','陈柏湖','','https://wx.qlogo.cn/mmhead/8SiaicVZMJOPIaPxy7WkQcYH8825uo49V38y81mktHHmA/132',0.00,1586550750,1586550750),(130,'o7NT74sq8QudcozkSeq_TY8UtlAo','陈秉源','','https://wx.qlogo.cn/mmhead/fluB4FcGoCn3QtibEZ4tFxdgNiayaGia1dJEtjH8y8Ygia0/132',0.00,1586568126,1586568126),(131,'o7NT74oGy6DJ4APApqsBEdOnk9-s','苏三墨','','https://thirdwx.qlogo.cn/mmopen/vi_32/Q3auHgzwzM44OX0WU5oy28zW4fnibkz9mf0COPPOyeZUfL9XkcFPR1ibsVdIibibSZvzXMU06DEp7wmvaL0nZQhDng/132',0.00,1586576144,1586576144),(132,'o7NT74m-yyL92w5EGAfloGrHCok8','韩常祥','','https://wx.qlogo.cn/mmhead/vFjzeJF23PfticYKH5QBP9OQK63HpWqbicsmb0NE5DnQ4/132',0.00,1586590382,1586590382),(133,'o7NT74sImor3qDPA729mxqDWg-NA','林慧玲','','https://wx.qlogo.cn/mmhead/4Qf8Y9QxOibibLBXKia6btwUvyia7Ao9FgK4FgePs1L1UbU/132',0.00,1586590873,1586590873),(134,'o7NT74grPm1Yn7DfyrM-YCw5PF2U','邱毓莹','','https://wx.qlogo.cn/mmhead/JS9EmGzdKlZp41a3AwmlxAicMQWNprXJxRbEH4jTruiag/132',0.00,1586599138,1586599138),(135,'o7NT74sNGd_mIISo9gWSEBABbwxI','饕鬄','','https://wx.qlogo.cn/mmopen/vi_32/jNjHwwhUNqlHZGmfSBFbEHwrSMSia6X7MPDUPdfzRGGh6rMhV2bbGJlfsHyqjqz58t92f6TIWRib8DibHeavicjQKQ/132',0.00,1586602578,1586602578),(136,'o7NT74l5C5i16JhoVEVir_Cwqhdg','M','','https://wx.qlogo.cn/mmopen/vi_32/zPROA8802oVkiavPRVFQ3BiaH1ia7r9NtVflCE9JtD99xyWM8aJibrricPxfbEOEbIibqoGfLKww95fiabNWViaOcPYASw/132',0.00,1586653449,1586653449),(137,'o7NT74qDXyKiH9n-p2LoccR6db5U','盏茶作酒','','https://wx.qlogo.cn/mmopen/vi_32/Q0j4TwGTfTKV1ojvcvfDzAQflFlyZjXPT6uf1dXVCEzMDDRibscdJXVulJz7a0asEiamI8LbIqKFdPKpNjWVVYjw/132',0.00,1586699100,1586699100),(138,'o7NT74gK1-rcqrgGipdvG7wznQBI','陈丽勋','','https://wx.qlogo.cn/mmhead/kLD7zrEbrs3GTFyCAzrleUmhibCRcbUJ2MCrbcorGvmI/132',0.00,1586936998,1586936998),(139,'o7NT74i1DAnTyGIJyxPfSjpe2XOY','Stefan','','https://wx.qlogo.cn/mmopen/vi_32/Q0j4TwGTfTJ46zRiahQxZlrB7tkibKkYBIMHMnaVmLQm9WgWR6JTvNS37Nl6Pfrnk3KRzDJqIjcyx0FVomEfuIEw/132',0.00,1586949911,1586949911),(140,'o7NT74hWqSY-g6MPceKigIx218AI','Gt','','https://wx.qlogo.cn/mmopen/vi_32/2vG5AchBQy5QVSOiaJD0lLdZAGciaSWdkBjptanOJezSg38jJqyIF7XxV1cJo7l4s9n1DicDStAvlPDHHYiaQGnunw/132',0.00,1587001801,1587001801),(141,'o7NT74k0cTRk3areSFMhWpc7DuHg','小弟','','https://wx.qlogo.cn/mmopen/vi_32/Q0j4TwGTfTKkM5fwGkNnThxEicjLWJzpQd0pcTQePBGPROibc3ia0lJLbelibwFbGQqw2pYCgLlQLBrR8jdeef3ypw/132',0.00,1587006038,1587006038),(142,'o7NT74spzjTG6tNxcGaYNXvTO9iA','Shady','','https://wx.qlogo.cn/mmopen/vi_32/GNhU16vEGviapYUD6GkHQOUx7oB70ON5UHwe07OO1HibjRL19fu1dP1jGFc0v3E4XHA06twCrcUInv1zhCqzmozQ/132',0.00,1587133303,1587133303),(143,'o7NT74gKkANL9GyE9sFEXJhUZyZ0','Abo、','','https://wx.qlogo.cn/mmopen/vi_32/DYAIOgq83eqVpSTpNcLMkTKyPLU89YllBnAzFKmd1zr7jPSgeBuLAicSGbLqnI3zb1uia4wLdsUJ7ZD06yy7NBFA/132',0.00,1587270651,1587270651),(144,'o7NT74udvpS9_SbwNB_Mn1iEf4ls','林淑芳','','https://wx.qlogo.cn/mmhead/7V4m9zrL2aF77FmjjqOQNzPpbVBlbSEJBcCrRvicQFqw/132',0.00,1587486280,1587486280),(145,'o7NT74vMshd3D0WQLaJB56WTVba8','萧健铭','','https://wx.qlogo.cn/mmhead/aXzK9AnsKJ9lVOpBhhusXaYNFYIRhCNKJja2yeQXBkY/132',0.00,1587486500,1587486500),(146,'o7NT74q7xZzBNF1no_f4kAablYp4','黄晏辉','','https://wx.qlogo.cn/mmhead/OVJEDAwWWKkGrzcSZt1ZK5PqrPqUYlwlNjFhBJllRjk/132',0.00,1587597875,1587597875),(147,'o7NT74hoW0IxP4wwj1pMaQm0Spb8','赖玉婷','','https://wx.qlogo.cn/mmhead/QU2aHlSAwA2JgTiaBUs2ZpbPxgBu625UONUHrAJVxWnI/132',0.00,1587601946,1587601946),(148,'o7NT74uNTBDvO0z-pGDzZ6v3-P8M','陈宛娥','','https://wx.qlogo.cn/mmhead/mKraUdDFXGlHjhI7mhUVic88cAvaZzn65vojqkFab5ao/132',0.00,1587602980,1587602980),(149,'o7NT74jiIeeGq-8b0pxphEIQWWOY','叶政翰','','https://wx.qlogo.cn/mmhead/GhDkQ3SyHDnMaKLq7BoiaQElaKKHNsXiazdVWGa7qTL1I/132',0.00,1587613188,1587613188),(150,'o7NT74pI1XTGk9pJHPAlkfCcLSuc','陈永贤','','https://wx.qlogo.cn/mmhead/3Bhd4dj20RNNTO7ZvAjj6A270jYUY6tIZWaMgQHNE6w/132',0.00,1587619327,1587619327),(151,'o7NT74s5naCrDfR0iGwIoh0mf8QI','陈柏德','','https://wx.qlogo.cn/mmhead/ic3c0IInQuqqvM1A0ltTuOibh6VwRKtQPgyNpP2jE8Efs/132',0.00,1587621185,1587621185),(152,'o7NT74uvJ-Rs5rvLc9yrlwCsHOkc','王凤珠','','https://wx.qlogo.cn/mmhead/LKEjKustxPkax0trMfIZ4QcKia53R3fTZwS5c9C2kEUU/132',0.00,1587629014,1587629014),(153,'o7NT74gZYkCuSqFxiMlGGFcftcfU','丁昆来','','https://wx.qlogo.cn/mmhead/FwYIKXMtr3SiaMpibyT7ZwccribE5eoZ8MZKEuGFMHDBMk/132',0.00,1587639545,1587639545),(154,'o7NT74jUj5zu9yE5hcLkBRZX0TtU','黄柏政','','https://wx.qlogo.cn/mmhead/YfZJMcaldianqN0AfIicuibFklp7gicAgc4WrAo2nnC2edg/132',0.00,1587641485,1587641485),(155,'o7NT74kgROReF9WefskSV4zxBgNA','陈建海','','https://wx.qlogo.cn/mmhead/WvHW249ibKDXoHK4z81Vd5Nf3BYSZc0UdUG1Jgww8jhY/132',0.00,1587641990,1587641990),(156,'o7NT74jyDtoRP-NGyZwg5zrFfhzQ','张顺雪','','https://wx.qlogo.cn/mmhead/7HkcibHNiaAoFR2KzuVk99GJRNZzjTibYBrsIDAl7VBCD4/132',0.00,1587671423,1587671423),(157,'o7NT74rXb5An6WRk6q6Nfu2QWjgA','黄士豪','','https://wx.qlogo.cn/mmhead/gPS6zE7EToRIj6TcRerCrkKLhwxicESicFxIaoB0TXfPk/132',0.00,1587674001,1587674001),(158,'o7NT74oynJMKwCXPuF0AsaaHYUno','张水英','','https://wx.qlogo.cn/mmhead/y8JI2LH9X0EfpicxbMGWiczD1HB19LNS4OG1WFejTrxibY/132',0.00,1587677587,1587677587),(159,'o7NT74skedhqfEWQ1Km8H6P4BsaU','江于婷','','https://wx.qlogo.cn/mmhead/Tsx6zdNibRwea9mWodsuja5Zicm8bOE2s6VSU7wG1EJoU/132',0.00,1587697732,1587697732),(160,'o7NT74vOGLiJ2swPH9h23G9o4xno','张莉海','','https://wx.qlogo.cn/mmhead/qGKR4Tz8eZ4Nc2y3csSNWEWAAHqukZSPWWhJ6Uzaugs/132',0.00,1587721294,1587721294),(161,'o7NT74u---pI9ULNOd_obi_qp9FE','黄依婷','','https://wx.qlogo.cn/mmhead/LicT1Os7MCXCpAxPia5KmlYEWNJmRbdfYHe4FWmyfQYQc/132',0.00,1587723624,1587723624),(162,'o7NT74rp61BIL6Z6LVgd1t2WoJI8','李伟伦','','https://wx.qlogo.cn/mmhead/3XnG3pcrkMxG4WudTicPEbjgMnSDGVRTdyDz3M7fP0c0/132',0.00,1587727974,1587727974),(163,'o7NT74jjjAUSd6gzxBtL8rPBujBw','阮呈信','','https://wx.qlogo.cn/mmhead/IbQcACcpRzMgzx4ZxHibzyxoibIHeJ4xCFoj9iaCvCT6Iw/132',0.00,1587736957,1587736957),(164,'o7NT74ugzsC6lONZYI2fovVcc87E','刘爱惠','','https://wx.qlogo.cn/mmhead/TDRn0En2HZ1IdAklDISTqRo6o2pia17lyMpNoIECQVxQ/132',0.00,1587759828,1587759828),(165,'o7NT74hgg1yCTXviDYWb-XyZAQe4','刘雅隆','','https://wx.qlogo.cn/mmhead/ZbgTeUvEKGUn0wTr5WqooReq1H0WSwprh1mgnYd7hTI/132',0.00,1587760937,1587760937),(166,'o7NT74mfsBzcRiPr2R84953I0Lc8','吴威德','','https://wx.qlogo.cn/mmhead/6tBwjdhcqic6OEcOSWVZCAu55icSyqJnCQGBnwMpGISFc/132',0.00,1587769624,1587769624),(167,'o7NT74plWJRTZ4VAJz-jMm0Hs9Rw','陈婉君','','https://wx.qlogo.cn/mmhead/YyELLWkrgy9R3oU3F4I31HXibMy8IjG5GsibicjA5w6LtE/132',0.00,1587784068,1587784068),(168,'o7NT74m8h4novOJiFVGvrnRHtrsI','金志瑞','','https://wx.qlogo.cn/mmhead/88lPDFXH9ET1vOkGhdtA3ciaEShUyerpgLCPpp6X9ock/132',0.00,1587803538,1587803538),(169,'o7NT74mn0Phdh6n8Sb1zAdL4uJfE','ㅤemmmm','','https://wx.qlogo.cn/mmopen/vi_32/m1KGrBZQ8hGFUylzic9N92TvE2Ths7vYSKOr5BSqAT8eMakvlT8Za2f46lTnDa4f1APgGkI01P1rkRqXo43SLnQ/132',0.00,1587805698,1587805698),(170,'o7NT74p9IZxMF8PJaKqYGrrq1m7c','廖宏达','','https://wx.qlogo.cn/mmhead/V7uPU4vLzD4NPVJmG8XfQYjUBYO0DjwNicUqBHd5AIEE/132',0.00,1587854786,1587854786),(171,'o7NT74gtt5HSNhoGeDYYvD7yYurQ','钟雅雯','','https://wx.qlogo.cn/mmhead/wtd2VlI0cdQ6rj6ibaDH39DDlNazC2GWHMFy4ibWE3yWY/132',0.00,1587879035,1587879035),(172,'o7NT74kDGzPrR9EweAu-3B8S7zE4','Ð','','https://wx.qlogo.cn/mmopen/vi_32/PiajxSqBRaELicBncJ1vZYicxy1Ko4vIqFjWBib89XuNtkgUasWicY8XMw3hPSic6gADqcdKdQS7DeESmlbbVEUErsrw/132',0.00,1587899994,1587899994),(173,'o7NT74s8foJelvwu_9ND0f0VlNCs','付佳?YY','','https://wx.qlogo.cn/mmopen/vi_32/PiajxSqBRaEJogWuibtSvZ5bIo56MlsTBJMVEYQuTfleRLclvKZqlFPT0XqeqvsICdsHBI7NJ6YVjQNbkApUvgNg/132',0.00,1587995542,1587995542),(174,'o7NT74jzpDwFsUiuOjGR6LFPTPLw','WYH','','https://wx.qlogo.cn/mmopen/vi_32/Q0j4TwGTfTLp9mKpmqTUic6UnrlyTNSqgtcVodcC9N3DNjNRW014JOEibYanMUoF23IBibV94hGZm6b2ogFgc3DyA/132',0.00,1588074387,1588074387),(175,'o7NT74l1eGGfJxrIto67friwS0mk','凡凡凡凡凡凡凡凡','','https://wx.qlogo.cn/mmopen/vi_32/nybXzjicknD6LXtXX4ydicu2liall2gicCtgJ7icUutLzKVrdzOplx39QIL8tRVVD1olvXlMt5UqtxtLMVojvywvqLA/132',0.00,1588084259,1588084259),(176,'o7NT74mk5NY_I92hkJl3exeFn8no','杨大伟','','https://wx.qlogo.cn/mmopen/vi_32/eovByAib8nhtpLfGnndb4k8R5pAMTWOLt6FeAUJqgQeYpXPbuicKsAElg5rKpPicstjD4wzUKjtJSWlRTxNe3YPwg/132',141.00,1588127772,1588918008),(177,'o7NT74hmQSNMlwVrW8s8aGMAsrfQ','passerby','','https://wx.qlogo.cn/mmopen/vi_32/Q0j4TwGTfTLQnzkbgFIQs7gRKc272J9KWHYJN3gzG26bMddob7liaMaU84rliacia9lia7XS38CxPTUXCT4eYzBib8w/132',0.00,1588301887,1588301887),(178,'o7NT74ie5GH02cFp2NLuLwzX7OIU','Vivamus','','https://wx.qlogo.cn/mmopen/vi_32/PiajxSqBRaEJbuEEejK9z15SyEfpCCIwHAOxn8nPmBH9flfibcgFFOu7GXe0jFxBnIVKJC2CKbkbaSJZQLk4VbgA/132',0.00,1588344560,1588344560),(179,'o7NT74oIGDIK0cd4qh8ytInqkcKA','Log1c﹑','','https://wx.qlogo.cn/mmopen/vi_32/DYAIOgq83erLF0SObb34xMzp2le0pgSYGVhBuKGSFIYfIC8ibNtWJyWWUMUnc2jmbjeRdTWFL94VnMOHQzEyH9A/132',0.00,1588475561,1588475561),(180,'o7NT74q7AX_zAiMAMCbmdTb1Xv2w','咪崽?蛋黄','','https://wx.qlogo.cn/mmopen/vi_32/Q0j4TwGTfTIZQyLYfZlyZOkKDKIEdCb53twpBzibyL9libO2Niam0uDKUhPeq3qEvnmINlvdIxVm5Ts0xXictTTjxA/132',0.00,1588483226,1588483226),(181,'o7NT74vmeD0qi-ylakSlrrzAG9AQ','?zzQ?','','https://wx.qlogo.cn/mmopen/vi_32/ajLUxLEktCr7rQvAaaM3bRIbts8dw0FNcY6Tsial8F7I2EiboML6baTnWSPGmYZO49kyXvIBFicvDInLGyzclmZmw/132',0.00,1588488182,1588488182),(182,'o7NT74kwetmM2JsJIS2JGnWNfKsg','黄沛文','','https://wx.qlogo.cn/mmhead/t3tayQTctnicJbjL7CHOyerkIiak1wwNqhxCGwBdH0FEE/132',0.00,1588567055,1588567055),(183,'o7NT74gMNMyQqVZJyyTbnthm0FcY','林宗其','','https://wx.qlogo.cn/mmhead/pqlfe1SuQQzwGKBXI1OckjDJiaSEbfYCCldcM7DjjeJU/132',0.00,1588888761,1588888761),(184,'o7NT74n9Pq8lL1lWRem-N9SNzgtY','瑶瑶','','https://wx.qlogo.cn/mmopen/vi_32/PiajxSqBRaEIZ4j06RSw9chElffbZoVQSlEUBXXKv31fAibyIcicDiciciaCggCGlK3aM5hSX4p2Xe87YxYMibibRVPXJA/132',0.00,1589021326,1589021326),(185,'o7NT74jVvjWV69MfUd6GHXZjcLZo','陈静维','','https://wx.qlogo.cn/mmhead/b9yyXYENSe2N1Kf3e9PYeFibkp7829I0S5cBXrt2mYRw/132',0.00,1589085012,1589085012),(186,'o7NT74qBqa0v7KwuqT2SC1Nb53Oo','是朕啊！','','https://wx.qlogo.cn/mmopen/vi_32/Q0j4TwGTfTIS1q7icibMREw6LUUPw1M10smibgRO4RuOLP2bVtxHCibMZxjFXmv8wVuXeF7uHjAPiczBpAUkkm7kcCA/132',0.00,1589176888,1589176888),(187,'o7NT74oTX7jgvRMQKFRLgi89T-WM','57','','https://wx.qlogo.cn/mmopen/vi_32/ttdKiaybrdOA57eVvA9Hicy0qKq6C5iclFb4H80nmzUmL1g4D3GU98liblibYXutXsDxYRicctISJib8UY0YgEgEQCCTA/132',0.00,1589300120,1589300701),(188,'o7NT74v0t9LKAI0vY2Y9h44PcUc4','瘦不下来！','','https://wx.qlogo.cn/mmopen/vi_32/Q0j4TwGTfTLwOOQTS6O5vvrYr7keXZLT4z3tgk9TyHF1YDad78gmyo2HDxTZQ4WxqEHIxdw4BzHRSd2a5wE2zw/132',0.00,1589506931,1589506931),(189,'o7NT74lfApSusPlheB-XKxIdsjEA','尾短的浣熊','','https://wx.qlogo.cn/mmopen/vi_32/DYAIOgq83ept5DYC3tTgcueZ4njZCPYCloePekoicDBcWDIWRCpHVeYxE6yxN1vOQkWYKJ0vIfbBeZ1ibI6j2AYA/132',0.00,1589558638,1589558638);
/*!40000 ALTER TABLE `member` ENABLE KEYS */;
UNLOCK TABLES;

--
-- Table structure for table `migrations`
--

DROP TABLE IF EXISTS `migrations`;
/*!40101 SET @saved_cs_client     = @@character_set_client */;
/*!40101 SET character_set_client = utf8 */;
CREATE TABLE `migrations` (
  `id` int(10) unsigned NOT NULL AUTO_INCREMENT,
  `migration` varchar(191) COLLATE utf8mb4_unicode_ci NOT NULL,
  `batch` int(11) NOT NULL,
  PRIMARY KEY (`id`) USING BTREE
) ENGINE=InnoDB AUTO_INCREMENT=11 DEFAULT CHARSET=utf8mb4 COLLATE=utf8mb4_unicode_ci ROW_FORMAT=DYNAMIC;
/*!40101 SET character_set_client = @saved_cs_client */;

--
-- Dumping data for table `migrations`
--

LOCK TABLES `migrations` WRITE;
/*!40000 ALTER TABLE `migrations` DISABLE KEYS */;
INSERT INTO `migrations` VALUES (1,'2014_10_12_000000_create_users_table',1),(2,'2019_08_19_081257_create_permission_tables',1),(3,'2019_08_20_155900_tags',1),(4,'2019_08_20_160154_categories',1),(5,'2019_08_20_160326_articles',1),(6,'2019_08_20_160552_article_tag',1),(7,'2019_08_23_085700_config_group',1),(8,'2019_08_23_102411_configuration',1),(9,'2019_08_26_101856_login_log',1),(10,'2019_08_26_101940_operate_log',1);
/*!40000 ALTER TABLE `migrations` ENABLE KEYS */;
UNLOCK TABLES;

--
-- Table structure for table `model_has_permissions`
--

DROP TABLE IF EXISTS `model_has_permissions`;
/*!40101 SET @saved_cs_client     = @@character_set_client */;
/*!40101 SET character_set_client = utf8 */;
CREATE TABLE `model_has_permissions` (
  `permission_id` int(10) unsigned NOT NULL,
  `model_type` varchar(191) COLLATE utf8mb4_unicode_ci NOT NULL,
  `model_id` bigint(20) unsigned NOT NULL,
  PRIMARY KEY (`permission_id`,`model_id`,`model_type`) USING BTREE,
  KEY `model_has_permissions_model_id_model_type_index` (`model_id`,`model_type`) USING BTREE,
  CONSTRAINT `model_has_permissions_permission_id_foreign` FOREIGN KEY (`permission_id`) REFERENCES `permissions` (`id`) ON DELETE CASCADE
) ENGINE=InnoDB DEFAULT CHARSET=utf8mb4 COLLATE=utf8mb4_unicode_ci ROW_FORMAT=DYNAMIC COMMENT='用户-权限中间表';
/*!40101 SET character_set_client = @saved_cs_client */;

--
-- Dumping data for table `model_has_permissions`
--

LOCK TABLES `model_has_permissions` WRITE;
/*!40000 ALTER TABLE `model_has_permissions` DISABLE KEYS */;
INSERT INTO `model_has_permissions` VALUES (1,'App\\Models\\User',1),(2,'App\\Models\\User',1),(3,'App\\Models\\User',1),(4,'App\\Models\\User',1),(5,'App\\Models\\User',1),(6,'App\\Models\\User',1),(7,'App\\Models\\User',1),(8,'App\\Models\\User',1),(9,'App\\Models\\User',1),(10,'App\\Models\\User',1),(11,'App\\Models\\User',1),(12,'App\\Models\\User',1),(13,'App\\Models\\User',1),(14,'App\\Models\\User',1),(15,'App\\Models\\User',1),(16,'App\\Models\\User',1),(17,'App\\Models\\User',1),(18,'App\\Models\\User',1),(19,'App\\Models\\User',1),(20,'App\\Models\\User',1),(21,'App\\Models\\User',1),(22,'App\\Models\\User',1),(23,'App\\Models\\User',1),(24,'App\\Models\\User',1),(25,'App\\Models\\User',1),(26,'App\\Models\\User',1),(27,'App\\Models\\User',1),(28,'App\\Models\\User',1),(43,'App\\Models\\User',1),(44,'App\\Models\\User',1),(45,'App\\Models\\User',1),(46,'App\\Models\\User',1),(47,'App\\Models\\User',1),(48,'App\\Models\\User',1),(49,'App\\Models\\User',1),(50,'App\\Models\\User',1),(51,'App\\Models\\User',1),(52,'App\\Models\\User',1),(53,'App\\Models\\User',1),(54,'App\\Models\\User',1),(55,'App\\Models\\User',1),(56,'App\\Models\\User',1),(57,'App\\Models\\User',1),(58,'App\\Models\\User',1),(59,'App\\Models\\User',1),(60,'App\\Models\\User',1),(61,'App\\Models\\User',1),(62,'App\\Models\\User',1),(63,'App\\Models\\User',1),(64,'App\\Models\\User',1),(65,'App\\Models\\User',1),(66,'App\\Models\\User',1),(67,'App\\Models\\User',1),(68,'App\\Models\\User',1),(69,'App\\Models\\User',1),(70,'App\\Models\\User',1),(71,'App\\Models\\User',1),(1,'App\\Models\\User',2),(2,'App\\Models\\User',2),(3,'App\\Models\\User',2),(4,'App\\Models\\User',2),(25,'App\\Models\\User',2),(26,'App\\Models\\User',2),(43,'App\\Models\\User',2),(44,'App\\Models\\User',2),(45,'App\\Models\\User',2),(46,'App\\Models\\User',2),(47,'App\\Models\\User',2),(43,'App\\Models\\User',4),(44,'App\\Models\\User',4),(45,'App\\Models\\User',4),(46,'App\\Models\\User',4),(47,'App\\Models\\User',4),(48,'App\\Models\\User',4),(49,'App\\Models\\User',4),(50,'App\\Models\\User',4),(51,'App\\Models\\User',4),(52,'App\\Models\\User',4),(53,'App\\Models\\User',4),(54,'App\\Models\\User',4),(55,'App\\Models\\User',4),(56,'App\\Models\\User',4),(57,'App\\Models\\User',4),(58,'App\\Models\\User',4),(59,'App\\Models\\User',4),(60,'App\\Models\\User',4),(61,'App\\Models\\User',4),(62,'App\\Models\\User',4),(63,'App\\Models\\User',4),(64,'App\\Models\\User',4),(65,'App\\Models\\User',4),(66,'App\\Models\\User',4),(67,'App\\Models\\User',4),(68,'App\\Models\\User',4),(69,'App\\Models\\User',4),(70,'App\\Models\\User',4),(71,'App\\Models\\User',4);
/*!40000 ALTER TABLE `model_has_permissions` ENABLE KEYS */;
UNLOCK TABLES;

--
-- Table structure for table `model_has_roles`
--

DROP TABLE IF EXISTS `model_has_roles`;
/*!40101 SET @saved_cs_client     = @@character_set_client */;
/*!40101 SET character_set_client = utf8 */;
CREATE TABLE `model_has_roles` (
  `role_id` int(10) unsigned NOT NULL,
  `model_type` varchar(191) COLLATE utf8mb4_unicode_ci NOT NULL,
  `model_id` bigint(20) unsigned NOT NULL,
  PRIMARY KEY (`role_id`,`model_id`,`model_type`) USING BTREE,
  KEY `model_has_roles_model_id_model_type_index` (`model_id`,`model_type`) USING BTREE,
  CONSTRAINT `model_has_roles_role_id_foreign` FOREIGN KEY (`role_id`) REFERENCES `roles` (`id`) ON DELETE CASCADE
) ENGINE=InnoDB DEFAULT CHARSET=utf8mb4 COLLATE=utf8mb4_unicode_ci ROW_FORMAT=DYNAMIC COMMENT='用户-角色中间表';
/*!40101 SET character_set_client = @saved_cs_client */;

--
-- Dumping data for table `model_has_roles`
--

LOCK TABLES `model_has_roles` WRITE;
/*!40000 ALTER TABLE `model_has_roles` DISABLE KEYS */;
INSERT INTO `model_has_roles` VALUES (1,'App\\Models\\User',1);
/*!40000 ALTER TABLE `model_has_roles` ENABLE KEYS */;
UNLOCK TABLES;

--
-- Table structure for table `operate_log`
--

DROP TABLE IF EXISTS `operate_log`;
/*!40101 SET @saved_cs_client     = @@character_set_client */;
/*!40101 SET character_set_client = utf8 */;
CREATE TABLE `operate_log` (
  `id` bigint(20) unsigned NOT NULL AUTO_INCREMENT,
  `user_id` int(11) NOT NULL COMMENT '操作用户ID',
  `uri` varchar(191) COLLATE utf8mb4_unicode_ci NOT NULL COMMENT '操作地址',
  `parameter` varchar(191) COLLATE utf8mb4_unicode_ci DEFAULT NULL COMMENT '参数',
  `method` varchar(191) COLLATE utf8mb4_unicode_ci NOT NULL COMMENT '请求方式：GET、POST、PUT、DELETE、HEAD',
  `created_at` timestamp NULL DEFAULT NULL,
  `updated_at` timestamp NULL DEFAULT NULL,
  PRIMARY KEY (`id`) USING BTREE
) ENGINE=InnoDB DEFAULT CHARSET=utf8mb4 COLLATE=utf8mb4_unicode_ci ROW_FORMAT=DYNAMIC;
/*!40101 SET character_set_client = @saved_cs_client */;

--
-- Dumping data for table `operate_log`
--

LOCK TABLES `operate_log` WRITE;
/*!40000 ALTER TABLE `operate_log` DISABLE KEYS */;
/*!40000 ALTER TABLE `operate_log` ENABLE KEYS */;
UNLOCK TABLES;

--
-- Table structure for table `order`
--

DROP TABLE IF EXISTS `order`;
/*!40101 SET @saved_cs_client     = @@character_set_client */;
/*!40101 SET character_set_client = utf8 */;
CREATE TABLE `order` (
  `id` int(11) NOT NULL AUTO_INCREMENT,
  `member_id` int(11) NOT NULL DEFAULT '0',
  `ordersn` varchar(255) NOT NULL DEFAULT '' COMMENT '订单号',
  `status` tinyint(1) NOT NULL DEFAULT '0' COMMENT '订单状态0待付款 1进行中 -1取消订单 2已完成',
  `name` varchar(255) NOT NULL DEFAULT '' COMMENT '下单人名字',
  `remark` varchar(255) NOT NULL DEFAULT '' COMMENT '备注',
  `phone` varchar(255) NOT NULL DEFAULT '' COMMENT '手机号',
  `address` varchar(255) NOT NULL DEFAULT '' COMMENT '详细地址',
  `type` tinyint(1) NOT NULL DEFAULT '0' COMMENT '1为店内 2为邮寄',
  `is_send` tinyint(1) NOT NULL DEFAULT '0' COMMENT '如果type为邮寄，0未寄出 1寄出',
  `express_name` varchar(255) NOT NULL DEFAULT '' COMMENT '快递公司名字',
  `express_number` varchar(255) NOT NULL DEFAULT '' COMMENT '快递单号',
  `photos` varchar(3000) NOT NULL DEFAULT '' COMMENT '鞋子照片',
  `total_price` decimal(10,2) NOT NULL DEFAULT '0.00' COMMENT '订单总价',
  `payable_price` decimal(10,2) NOT NULL DEFAULT '0.00' COMMENT '应付价',
  `coupon_log_id` int(11) NOT NULL DEFAULT '0' COMMENT 'coupon_log主键',
  `coupon_price` decimal(10,2) NOT NULL DEFAULT '0.00' COMMENT '优惠券金额',
  `pay_time` int(11) NOT NULL DEFAULT '0' COMMENT '支付时间',
  `balance` decimal(10,2) NOT NULL DEFAULT '0.00' COMMENT '余额抵扣',
  `pay_type` tinyint(1) NOT NULL DEFAULT '0' COMMENT '1余额支付 2微信支付 3后台确认支付',
  `wx_transaction_id` varchar(255) NOT NULL DEFAULT '' COMMENT '微信支付单号',
  `create_time` int(11) NOT NULL DEFAULT '0',
  `update_time` int(11) NOT NULL DEFAULT '0',
  `is_notice` tinyint(1) NOT NULL DEFAULT '0' COMMENT '0未发送 1已发送',
  `number_text` varchar(1000) NOT NULL DEFAULT '' COMMENT '用于鞋子编号搜索',
  PRIMARY KEY (`id`) USING BTREE,
  UNIQUE KEY `uni_ordersn` (`ordersn`) USING BTREE,
  KEY `nor_member_id` (`member_id`) USING BTREE,
  KEY `nor_status` (`status`) USING BTREE,
  KEY `nor_type` (`type`) USING BTREE,
  KEY `nor_pay_type` (`pay_type`) USING BTREE,
  KEY `nor_name` (`name`) USING BTREE,
  KEY `nor_phone` (`phone`) USING BTREE,
  KEY `nor_number_text` (`number_text`(255)) USING BTREE
) ENGINE=InnoDB AUTO_INCREMENT=126 DEFAULT CHARSET=utf8 ROW_FORMAT=DYNAMIC;
/*!40101 SET character_set_client = @saved_cs_client */;

--
-- Dumping data for table `order`
--

LOCK TABLES `order` WRITE;
/*!40000 ALTER TABLE `order` DISABLE KEYS */;
INSERT INTO `order` VALUES (63,17,'SE2020011713817',1,'测试','','17355105312','',1,0,'','','[]',20.04,10.04,7,10.00,1579247111,0.00,3,'',1579247092,1579247111,0,''),(64,15,'SE2020011889559',0,'开发测试','','18297999901','',1,0,'','','[]',160.03,160.03,0,0.00,0,0.00,2,'',1579310206,1579310206,0,''),(65,15,'SE2020011865409',0,'开发测试','','18297999901','广东省广州市海珠区新港中路397号',2,0,'','','[]',0.01,0.01,0,0.00,0,0.00,2,'',1579317805,1579317805,0,''),(66,15,'SE2020011831142',1,'开发测试','','18297999901','广东省广州市海珠区新港中路397号',2,0,'','','[]',20.03,20.03,0,0.00,1579331983,0.00,3,'',1579331978,1579331983,0,''),(67,15,'SE2020011880301',1,'开封测试','','18297999901','',1,0,'','','[]',60.03,60.03,0,0.00,1579332219,0.00,3,'',1579332054,1579332395,0,''),(68,15,'SE2020011834066',0,'开发测试','','18297999901','',1,0,'','','[\"\\/upload\\/2020\\/01\\/18\\/93fbf645bb760d0c51cef59c4167d336.jpeg\",\"\\/upload\\/2020\\/01\\/18\\/4a94f99e170902df805dab6903f43172.jpeg\",\"\\/upload\\/2020\\/01\\/18\\/02c561e226af25851bc7ad5e0f8a72f2.jpeg\"]',260.18,260.18,0,0.00,0,0.00,2,'',1579332490,1579332490,0,''),(69,17,'SE2020011818381',2,'测试','','17355105312','',1,0,'','','[\"\\/upload\\/2020\\/01\\/18\\/fe6e24cdc484b75af034b169248fb3f0.jpeg\",\"\\/upload\\/2020\\/01\\/18\\/52fc322fd5252553f33a64fce3f18b44.jpeg\",\"\\/upload\\/2020\\/01\\/18\\/703df69b8d8632a82189bd5174efdbb3.jpeg\"]',120.03,70.03,8,50.00,1579334171,0.00,3,'',1579334163,1579341324,1,''),(70,26,'SE2020011972029',0,'刘巧玲','','18827675295','',1,0,'','','[]',50.01,50.01,0,0.00,0,0.00,2,'',1579407063,1579407063,0,''),(71,20,'SE2020020433154',2,'李明辉','','15155150262','',1,0,'','','[]',0.01,0.01,0,0.00,1580870877,0.00,3,'4200000498202002049887733467',1580807606,1580999812,1,''),(72,20,'SE2020020423995',1,'李明辉','','15155150262','',1,0,'','','[\"\\/upload\\/2020\\/02\\/04\\/e5cd5a298067743db8b4777e3fbc1bbc.jpeg\"]',0.03,0.03,0,0.00,1580871319,0.00,3,'4200000496202002040737546698',1580808057,1580871319,1,''),(73,20,'SE2020020422208',1,'李明辉','','15155150262','安徽省合肥市包河区万泉河路华山路琥珀瑞安19-904',2,0,'','','[\"\\/upload\\/2020\\/02\\/04\\/5c47ffc165a27eb6c67b674d932c51f8.jpeg\"]',0.01,0.01,0,0.00,1580871722,0.00,2,'4200000495202002044335731979',1580808462,1580871722,0,''),(74,20,'SE2020020436082',1,'李明辉','','15155150262','上海市上海市徐汇区普天信息产业园c2f5',2,1,'顺丰','1234567','[\"\\/upload\\/2020\\/02\\/04\\/491a578ac7c67ad63d24365fb228e617.jpeg\"]',0.01,0.01,0,0.00,1580871979,0.00,3,'4200000489202002046963815195',1580808723,1580871979,0,''),(75,15,'SE2020020520505',0,'开发测试','','18297999901','',1,0,'','','[]',69.00,69.00,0,0.00,0,0.00,2,'',1580886809,1580886809,0,''),(76,15,'SE2020020554330',0,'开发测试','','18297999901','',1,0,'','','[]',69.00,69.00,0,0.00,0,0.00,2,'',1580886881,1580886881,0,''),(77,15,'SE2020020519849',0,'开发测试','','18297999901','',1,0,'','','[\"\\/upload\\/2020\\/02\\/05\\/a7bbfb550de0eb37aba1d478f37f49df.jpeg\"]',69.00,69.00,0,0.00,0,0.00,2,'',1580887894,1580887894,0,''),(78,20,'SE2020020638067',1,'李明辉','','15155150262','',1,0,'','','[]',0.01,0.00,0,0.00,1580999878,0.01,1,'',1580999878,1580999878,0,''),(79,20,'SE2020020622725',1,'李明辉','','15155150262','',1,0,'','','[]',0.01,0.00,0,0.00,1580999894,0.01,1,'',1580999894,1580999894,0,''),(80,20,'SE2020020698073',1,'李明辉','','15155150262','',1,0,'','','[]',0.11,0.00,0,0.00,1580999913,0.11,1,'',1580999913,1580999913,0,''),(81,20,'SE2020020650927',1,'李明辉','','15155150262','',1,0,'','','[]',0.01,0.00,0,0.00,1581000077,0.01,1,'',1581000077,1581000077,0,''),(82,20,'SE2020020774826',1,'李明辉','','15155150262','',1,0,'','','[]',0.01,0.00,0,0.00,1581057485,0.01,1,'',1581057485,1581057485,0,''),(83,20,'SE2020020793959',1,'李明辉','','15155150262','',1,0,'','','[]',0.01,0.00,0,0.00,1581057544,0.01,1,'',1581057544,1581057544,0,''),(84,15,'SE2020020870327',0,'开发测试','','18297999901','',1,0,'','','[\"\\/upload\\/2020\\/02\\/08\\/63bfb895d3b6a19bf9b4ce7ad727e178.jpeg\"]',69.00,69.00,0,0.00,0,0.00,2,'',1581133477,1581133477,0,''),(85,15,'SE2020020881963',1,'开发测试','','18297999901','',1,0,'','','[\"\\/upload\\/2020\\/02\\/08\\/63bfb895d3b6a19bf9b4ce7ad727e178.jpeg\"]',69.00,0.00,0,0.00,1581133957,69.00,1,'',1581133957,1581133957,0,''),(86,15,'SE2020020818400',1,'开发测试','','18297999901','',1,0,'','','[\"\\/upload\\/2020\\/02\\/08\\/af512a38b63e953ddb2001287c2bdb37.jpeg\"]',10.01,0.00,0,0.00,1581134013,10.01,1,'',1581134013,1581134013,0,''),(87,15,'SE2020020893524',1,'开发测试','','18297999901','',1,0,'','','[\"\\/upload\\/2020\\/02\\/08\\/23ca72b638afb383fbc4e80fb6fb0df7.jpeg\"]',0.01,0.00,0,0.00,1581134303,0.01,1,'',1581134303,1581134303,0,''),(88,15,'SE2020020829519',1,'开发测试','','18297999901','',1,0,'','','[\"\\/upload\\/2020\\/02\\/08\\/23ca72b638afb383fbc4e80fb6fb0df7.jpeg\"]',0.01,0.00,0,0.00,1581134307,0.01,1,'',1581134307,1581134307,0,''),(89,15,'SE2020020849684',2,'开发测试','','18297999901','',1,0,'','','[\"\\/upload\\/2020\\/02\\/08\\/50fe474b1f00a05ed74a0dcf24c7eb45.jpeg\"]',0.01,0.00,0,0.00,1581134573,0.01,1,'',1581134573,1584075363,0,''),(90,15,'SE2020020832980',2,'开发测试','','18297999901','',1,0,'','','[\"\\/upload\\/2020\\/02\\/08\\/22bb76f00b63478c21da127f5641ed02.jpeg\"]',0.01,0.00,0,0.00,1581134729,0.01,1,'',1581134729,1584075357,0,''),(91,15,'SE2020020846619',2,'开发测试','','18297999901','',1,0,'','','[\"\\/upload\\/2020\\/02\\/08\\/22bb76f00b63478c21da127f5641ed02.jpeg\"]',0.01,0.00,0,0.00,1581134744,0.01,1,'',1581134744,1584075351,0,''),(92,15,'SE2020020855637',2,'开发测试','','18297999901','',1,0,'','','[\"\\/upload\\/2020\\/02\\/08\\/2ef1c59c11a8b2532e79b7a4dcc19fdd.jpeg\"]',10.01,10.01,0,0.00,1584075333,0.00,3,'',1581134938,1584075344,0,'[\"18211111\"]'),(93,20,'SE2020020899994',2,'李明辉','','15155150262','',1,0,'','','[]',0.01,0.00,0,0.00,1581155196,0.01,1,'',1581155196,1584075327,0,''),(94,20,'SE2020020866126',-1,'李明辉','','15155150262','',1,0,'','','[]',59.00,57.17,0,0.00,0,1.83,2,'',1581155348,1581155365,0,''),(95,20,'SE2020020897340',2,'李明辉','','15155150262','',1,0,'','','[\"\\/upload\\/2020\\/02\\/08\\/475adf46fb8ee960ff2a8ac8a500b1f6.jpeg\"]',59.00,59.00,0,0.00,1581155418,0.00,2,'4200000479202002089122908998',1581155411,1581597741,0,''),(96,20,'SE2020021994669',2,'李明辉','','15155150262','',1,0,'','','[\"\\/upload\\/2020\\/02\\/19\\/b21a8a3f7eaecd9a6125be1e5f831c50.jpeg\"]',0.01,0.01,0,0.00,1582085195,0.00,2,'4200000495202002192130587594',1582085187,1582085305,1,'[\"01113\"]'),(97,33,'SE2020021914090',-1,'刘涛','','15652452378','',1,0,'','','[\"\\/upload\\/2020\\/02\\/19\\/ae5cd841c0aaa2fa2c1759fe57534aa8.jpeg\"]',69.00,69.00,0,0.00,0,0.00,2,'',1582090531,1582982587,0,''),(98,20,'SE2020022091107',-1,'XXX','','15155150262','',1,0,'','','[\"\\/upload\\/2020\\/02\\/20\\/1025213c50d9ea80c68fbf3f09a981b8.jpeg\",\"\\/upload\\/2020\\/02\\/20\\/53d85eac3575a1fac5bacfdc19619914.jpeg\"]',79.00,79.00,0,0.00,0,0.00,2,'',1582208591,1582982579,0,''),(99,20,'SE2020022248440',2,'李明辉','','15155150262','安徽省合肥市包河区万泉河路华山路琥珀瑞安19-904',2,0,'','','[\"\\/upload\\/2020\\/02\\/22\\/65d9b7f48edfaac32eba67f1d4665bc7.jpeg\"]',0.01,0.00,0,0.00,1582364681,0.01,1,'',1582364681,1582982570,0,''),(100,20,'SE2020022212462',2,'李明辉','','15155150262','安徽省合肥市包河区万泉河路华山路琥珀瑞安19-904',2,0,'','','[\"\\/upload\\/2020\\/02\\/22\\/65d9b7f48edfaac32eba67f1d4665bc7.jpeg\"]',0.01,0.00,0,0.00,1582364682,0.01,1,'',1582364682,1582982562,0,''),(101,48,'SE2020022974811',2,'卫子豪','','15555191970','安徽省合肥市蜀山区望江西路60号2村6－203',2,0,'','','[\"\\/upload\\/2020\\/02\\/29\\/127f29629434565f8a79872c0a5a2366.jpeg\",\"\\/upload\\/2020\\/02\\/29\\/be24a8cbbdb80583c333a79c953b16da.jpeg\"]',79.00,79.00,0,0.00,1582982243,0.00,2,'4200000487202002291831735855',1582982123,1583479052,1,'[\"00004\"]'),(102,42,'SE2020030412510',2,'朱维舟','?','15956991551','',1,0,'','','[\"\\/upload\\/2020\\/03\\/04\\/6756720eebcc6c64d22fc9e01fd63293.jpeg\",\"\\/upload\\/2020\\/03\\/04\\/b2df80a0cd867c4b7a5104e31c3a7c5b.jpeg\",\"\\/upload\\/2020\\/03\\/04\\/8716b18dad97dc00363b5da2c1cfe2c9.jpeg\"]',59.00,59.00,0,0.00,1583293324,0.00,2,'4200000488202003044581572931',1583293316,1584075235,1,'[\"00026\"]'),(103,42,'SE2020030457785',-1,'朱维舟','?','15956991551','',1,0,'','','[\"\\/upload\\/2020\\/03\\/04\\/6756720eebcc6c64d22fc9e01fd63293.jpeg\",\"\\/upload\\/2020\\/03\\/04\\/b2df80a0cd867c4b7a5104e31c3a7c5b.jpeg\",\"\\/upload\\/2020\\/03\\/04\\/8716b18dad97dc00363b5da2c1cfe2c9.jpeg\"]',59.00,59.00,0,0.00,0,0.00,2,'',1583293318,1583294183,0,''),(104,74,'SE2020031196052',-1,'李明辉','保留鞋盒','15155150262','',1,0,'','','[\"\\/upload\\/2020\\/03\\/11\\/f4786e19266850b51ffd66299c23134d.jpeg\"]',128.00,128.00,0,0.00,0,0.00,2,'',1583906889,1584075247,0,''),(105,20,'SE2020031187800',2,'李明辉','','15155150262','',1,0,'','','[\"\\/upload\\/2020\\/03\\/11\\/5202082a16cc9abbc2aa3cbde7732531.jpeg\"]',1.00,0.00,0,0.00,1583907074,1.00,1,'',1583907074,1584075254,0,''),(106,20,'SE2020031165632',2,'李明辉','','15155150262','',1,0,'','','[\"\\/upload\\/2020\\/03\\/11\\/5202082a16cc9abbc2aa3cbde7732531.jpeg\"]',1.00,0.19,0,0.00,1583907116,0.81,2,'4200000501202003118531825547',1583907080,1583908884,1,'[\"00000\"]'),(107,20,'SE2020031113838',2,'李明辉','','15155150262','',1,0,'','','[\"\\/upload\\/2020\\/03\\/11\\/6948c567f761f84e5b895220fc272262.jpeg\"]',1.00,1.00,0,0.00,1583908258,0.00,2,'4200000483202003115422352427',1583908249,1583908950,1,''),(108,73,'SE2020031863528',2,'郭涛','','13966740364','',1,0,'','','[\"\\/upload\\/2020\\/03\\/18\\/611022ca92b3d3462935b5d1e8eb1dfb.jpeg\",\"\\/upload\\/2020\\/03\\/18\\/909a0300a67433a1e288d280bf87f59b.jpeg\",\"\\/upload\\/2020\\/03\\/18\\/4bf6bab35e1fbca222cdcdce9a33ad70.jpeg\"]',69.00,69.00,0,0.00,1584524118,0.00,2,'4200000484202003188513236352',1584524108,1585018609,1,'[\"00022\"]'),(109,91,'SE2020032267529',2,'沈建国','修复','15110218377','',1,0,'','','[\"\\/upload\\/2020\\/03\\/22\\/3d268d4a41abe68199cd482be6ee8dc7.jpeg\"]',49.00,49.00,0,0.00,1584875879,0.00,2,'4200000497202003226178262787',1584875866,1588476925,1,'[\"00030\"]'),(110,73,'SE2020032443384',2,'郭涛','','13966740364','',1,0,'','','[\"\\/upload\\/2020\\/03\\/24\\/0d256b94a0c65c7fed5b48a5a54fcb4f.jpeg\"]',49.00,49.00,0,0.00,1585018391,0.00,2,'4200000489202003243323460242',1585018382,1586229921,0,'[\"00035\"]'),(111,91,'SE2020033156860',2,'沈建国','','15110218377','',1,0,'','','[\"\\/upload\\/2020\\/03\\/31\\/fbad7df6b1b4d9ef06a9f83e5b6959ef.jpeg\"]',49.00,49.00,0,0.00,1585632954,0.00,2,'4200000479202003313777268175',1585632939,1588476910,1,'[\"00029\"]'),(112,91,'SE2020033118608',-1,'沈建国','','15110218377','',1,0,'','','[\"\\/upload\\/2020\\/03\\/31\\/fbad7df6b1b4d9ef06a9f83e5b6959ef.jpeg\"]',49.00,49.00,0,0.00,0,0.00,2,'',1585632940,1585633322,0,'[\"00006\"]'),(113,139,'SE2020041599908',2,'李昂','','15056070265','',1,0,'','','[\"\\/upload\\/2020\\/04\\/15\\/893d2f34a7d0071cec6e2e8438e21e1f.jpeg\"]',79.00,79.00,0,0.00,1586950010,0.00,2,'4200000546202004151866786454',1586949988,1588225493,1,'[\"00017\"]'),(114,139,'SE2020041580582',-1,'李昂','','15056070265','',1,0,'','','[\"\\/upload\\/2020\\/04\\/15\\/893d2f34a7d0071cec6e2e8438e21e1f.jpeg\"]',79.00,79.00,0,0.00,0,0.00,2,'',1586949989,1587119259,0,''),(115,142,'SE2020041731504',2,'李圣焜','','15955159995','',1,0,'','','[\"\\/upload\\/2020\\/04\\/17\\/9f36714ff989edb0d14fd6bc83144a75.jpeg\"]',59.00,59.00,0,0.00,1587133366,0.00,2,'4200000539202004170595124157',1587133354,1589510250,0,''),(116,143,'SE2020041959065',2,'邵力波','','15357121213','',1,0,'','','[\"\\/upload\\/2020\\/04\\/19\\/bb0083bf52d24e17b2b65b053ad070cb.jpeg\",\"\\/upload\\/2020\\/04\\/19\\/5e0539fe6fda625c96345396908708e4.jpeg\",\"\\/upload\\/2020\\/04\\/19\\/dca94d627c06dc24cbc983aab927b0b4.jpeg\"]',79.00,79.00,0,0.00,1587270777,0.00,2,'4200000548202004198535905353',1587270767,1587807090,1,'[\"00040\"]'),(117,169,'SE2020042560182',2,'李荣靖华','','18355132652','',1,0,'','','[\"\\/upload\\/2020\\/04\\/25\\/709fc76410efd3e5ce320da3cd9e7fc1.jpeg\",\"\\/upload\\/2020\\/04\\/25\\/44d7e62998ef47a8c108165acdd76c32.jpeg\",\"\\/upload\\/2020\\/04\\/25\\/f8f5c709b41342d3a6de0d3578e6306d.jpeg\"]',109.00,109.00,0,0.00,1587805768,0.00,2,'4200000535202004250268169359',1587805749,1588476893,1,'[\"00039\"]'),(118,176,'SE2020042948748',2,'杨大伟','','13855873288','安徽省阜阳市颍州区七彩世界13栋1704',2,0,'','','[\"\\/upload\\/2020\\/04\\/29\\/bca66159219fc5f7a41d9ef1b1cf273d.jpeg\",\"\\/upload\\/2020\\/04\\/29\\/02417f18fd1b5ffbedccfa32403500ea.jpeg\",\"\\/upload\\/2020\\/04\\/29\\/d614abf907f011e38ffdd26f207b304a.jpeg\",\"\\/upload\\/2020\\/04\\/29\\/2bb1fc659e20ebc175a12bcca9f7462a.jpeg\"]',197.00,197.00,0,0.00,1588128909,0.00,2,'4200000542202004299769605375',1588128380,1589212832,0,''),(119,174,'SE2020043030500',-1,'王宇豪','补漆网面修复','18255176017','',1,0,'','','[\"\\/upload\\/2020\\/04\\/30\\/3b0f6912a349061e2088240926bab619.jpeg\"]',209.00,209.00,0,0.00,0,0.00,2,'',1588230024,1589212850,0,''),(120,179,'SE2020050342217',2,'罗辑','Gucci鞋头划痕需修复','18671497147','浙江省嘉兴市嘉善县开发区长江路89号日善电脑配件(嘉善)有限公司',2,1,'','','[\"\\/upload\\/2020\\/05\\/03\\/f62b7f145f945d766e92d3e5ef4aabe6.jpeg\",\"\\/upload\\/2020\\/05\\/03\\/9a8945883b52fed02e862dc650f2e9dd.jpeg\",\"\\/upload\\/2020\\/05\\/03\\/810e433049c6c85d9f33131c5bd4fb28.jpeg\"]',177.00,177.00,0,0.00,1588477134,0.00,2,'4200000528202005039979481408',1588477116,1589510169,0,'[\"00046\",\"00047\",\"00048\"]'),(121,179,'SE2020050376177',-1,'罗辑','Gucci鞋头划痕需修复','18671497147','浙江省嘉兴市嘉善县开发区长江路89号日善电脑配件(嘉善)有限公司',2,1,'','','[\"\\/upload\\/2020\\/05\\/03\\/f62b7f145f945d766e92d3e5ef4aabe6.jpeg\",\"\\/upload\\/2020\\/05\\/03\\/9a8945883b52fed02e862dc650f2e9dd.jpeg\",\"\\/upload\\/2020\\/05\\/03\\/810e433049c6c85d9f33131c5bd4fb28.jpeg\"]',177.00,177.00,0,0.00,0,0.00,2,'',1588477117,1588477312,0,''),(122,180,'SE2020050378022',2,'凌艾娟','反光涂层需要注意','15209875653','',1,0,'','','[\"\\/upload\\/2020\\/05\\/03\\/1657eb9da41b7f739296c02855f26fe5.jpeg\"]',59.00,59.00,0,0.00,1588483346,0.00,2,'4200000538202005037646077057',1588483317,1588929091,1,'[\"00037\"]'),(123,176,'SE2020050849672',2,'杨大伟','','13855873288','',1,0,'','','[\"\\/upload\\/2020\\/05\\/08\\/10af0da38a9f2f18722f6874386b0440.jpeg\"]',59.00,0.00,0,0.00,1588918008,59.00,1,'',1588918008,1588918288,0,''),(124,49,'SE2020051161664',-1,'不','','18251989868','安徽省合肥市蜀山区光明路与新庄路交汇处东南100米通和易居同辉南苑10幢1002',2,0,'','','[\"\\/upload\\/2020\\/05\\/11\\/54a2ab970035c26683389e8b2389caab.png\"]',179.00,179.00,0,0.00,0,0.00,2,'',1589189468,1589300803,0,''),(125,187,'SE2020051333432',1,'卢好男','','13297993929','湖北省省直辖县级行政区划潜江市江汉油田石油管理局 江汉油田五七大道 金牛小区15栋404号',2,0,'','','[\"\\/upload\\/2020\\/05\\/13\\/dbc182e7775760163902c7992a5d02bc.jpeg\",\"\\/upload\\/2020\\/05\\/13\\/0af2c40a47343939bc67183a069ca73e.jpeg\",\"\\/upload\\/2020\\/05\\/13\\/73c3c604909b234139be2a52eced5c40.jpeg\"]',79.00,0.00,0,0.00,1589300701,79.00,1,'',1589300701,1589510142,0,'');
/*!40000 ALTER TABLE `order` ENABLE KEYS */;
UNLOCK TABLES;

--
-- Table structure for table `order_service`
--

DROP TABLE IF EXISTS `order_service`;
/*!40101 SET @saved_cs_client     = @@character_set_client */;
/*!40101 SET character_set_client = utf8 */;
CREATE TABLE `order_service` (
  `id` int(11) NOT NULL AUTO_INCREMENT,
  `order_id` int(11) NOT NULL DEFAULT '0',
  `status` tinyint(1) NOT NULL DEFAULT '0' COMMENT '0待处理  1清洗中 2待提货 3已提货',
  `standard_service_id` int(11) NOT NULL DEFAULT '0' COMMENT '标准服务id',
  `standard_service_title` varchar(255) NOT NULL DEFAULT '' COMMENT '标准服务标题',
  `standard_service_price` decimal(10,2) NOT NULL DEFAULT '0.00' COMMENT '标准服务价格',
  `additional` varchar(255) NOT NULL DEFAULT '' COMMENT '附加服务',
  `create_time` int(11) NOT NULL DEFAULT '0',
  `update_time` int(11) NOT NULL DEFAULT '0',
  `number` varchar(255) NOT NULL DEFAULT '' COMMENT '鞋子编号',
  PRIMARY KEY (`id`) USING BTREE,
  KEY `nor_order_id` (`order_id`) USING BTREE,
  KEY `nor_status` (`status`) USING BTREE
) ENGINE=InnoDB AUTO_INCREMENT=172 DEFAULT CHARSET=utf8 ROW_FORMAT=DYNAMIC;
/*!40101 SET character_set_client = @saved_cs_client */;

--
-- Dumping data for table `order_service`
--

LOCK TABLES `order_service` WRITE;
/*!40000 ALTER TABLE `order_service` DISABLE KEYS */;
INSERT INTO `order_service` VALUES (84,63,0,32,'测试',0.01,'[]',1579247092,1579247092,''),(85,63,0,26,'麂皮翻毛皮清洁',20.03,'[]',1579247092,1579247092,''),(86,64,0,26,'麂皮翻毛皮清洁',20.03,'[{\"id\":30,\"title\":\"\\u5962\\u4f88\\u54c1\\u53ca\\u957f\\u7b52\\u978b\\u6b3e\\u6e05\\u6d01\",\"price\":\"100.00\"},{\"id\":29,\"title\":\"\\u7279\\u6b8a\\u5f02\\u5473\",\"price\":\"40.00\"}]',1579310206,1579310206,''),(87,65,0,32,'测试',0.01,'[]',1579317805,1579317805,''),(88,66,0,26,'麂皮翻毛皮清洁',20.03,'[]',1579331978,1579331978,''),(89,67,0,26,'麂皮翻毛皮清洁',20.03,'[{\"id\":29,\"title\":\"\\u7279\\u6b8a\\u5f02\\u5473\",\"price\":\"40.00\"}]',1579332054,1579332054,''),(90,68,0,26,'麂皮翻毛皮清洁',20.03,'[{\"id\":29,\"title\":\"\\u7279\\u6b8a\\u5f02\\u5473\",\"price\":\"40.00\"},{\"id\":30,\"title\":\"\\u5962\\u4f88\\u54c1\\u53ca\\u957f\\u7b52\\u978b\\u6b3e\\u6e05\\u6d01\",\"price\":\"100.00\"}]',1579332490,1579332490,''),(91,68,0,26,'麂皮翻毛皮清洁',20.03,'[]',1579332490,1579332490,''),(92,68,0,26,'麂皮翻毛皮清洁',20.03,'[]',1579332490,1579332490,''),(93,68,0,26,'麂皮翻毛皮清洁',20.03,'[]',1579332490,1579332490,''),(94,68,0,26,'麂皮翻毛皮清洁',20.03,'[]',1579332490,1579332490,''),(95,68,0,26,'麂皮翻毛皮清洁',20.03,'[]',1579332490,1579332490,''),(96,69,2,26,'麂皮翻毛皮清洁',20.03,'[{\"id\":30,\"title\":\"\\u5962\\u4f88\\u54c1\\u53ca\\u957f\\u7b52\\u978b\\u6b3e\\u6e05\\u6d01\",\"price\":\"100.00\"}]',1579334163,1579341324,''),(97,70,0,32,'测试',0.01,'[{\"id\":28,\"title\":\"\\u7279\\u6b8a\\u6c61\\u6e0d\",\"price\":\"50.00\"}]',1579407063,1579407063,''),(98,71,3,32,'测试',0.01,'[]',1580807606,1580807927,''),(99,72,2,32,'测试',0.01,'[]',1580808057,1580810430,''),(100,72,2,32,'测试',0.01,'[]',1580808057,1580810433,''),(101,72,2,32,'测试',0.01,'[]',1580808057,1580810433,''),(102,73,0,32,'测试',0.01,'[]',1580808462,1580808462,''),(103,74,0,32,'测试',0.01,'[]',1580808723,1580808723,''),(104,75,0,30,'翻绒混合面',69.00,'[]',1580886809,1580886809,''),(105,76,0,30,'翻绒混合面',69.00,'[]',1580886881,1580886881,''),(106,77,0,30,'翻绒混合面',69.00,'[]',1580887894,1580887894,''),(107,78,0,32,'测试',0.01,'[]',1580999878,1580999878,''),(108,79,0,32,'测试',0.01,'[]',1580999894,1580999894,''),(109,80,0,32,'测试',0.01,'[]',1580999913,1580999913,''),(110,80,0,32,'测试',0.01,'[]',1580999913,1580999913,''),(111,80,0,32,'测试',0.01,'[]',1580999913,1580999913,''),(112,80,0,32,'测试',0.01,'[]',1580999913,1580999913,''),(113,80,0,32,'测试',0.01,'[]',1580999913,1580999913,''),(114,80,0,32,'测试',0.01,'[]',1580999913,1580999913,''),(115,80,0,32,'测试',0.01,'[]',1580999913,1580999913,''),(116,80,0,32,'测试',0.01,'[]',1580999913,1580999913,''),(117,80,0,32,'测试',0.01,'[]',1580999913,1580999913,''),(118,80,0,32,'测试',0.01,'[]',1580999913,1580999913,''),(119,80,0,32,'测试',0.01,'[]',1580999913,1580999913,''),(120,81,0,32,'测试',0.01,'[]',1581000077,1581000077,''),(121,82,0,32,'测试',0.01,'[]',1581057485,1581057485,''),(122,83,0,32,'测试',0.01,'[]',1581057544,1581057544,''),(123,84,0,30,'翻绒混合面',69.00,'[]',1581133477,1581133477,''),(124,85,0,30,'翻绒混合面',69.00,'[]',1581133957,1581133957,''),(125,86,0,32,'测试',0.01,'[{\"id\":33,\"title\":\"\\u7cbe\\u6d17\",\"price\":\"10.00\"}]',1581134013,1581134013,''),(126,87,0,32,'测试',0.01,'[]',1581134303,1581134303,''),(127,88,0,32,'测试',0.01,'[]',1581134307,1581134307,''),(128,89,0,32,'测试',0.01,'[]',1581134573,1581134573,''),(129,90,0,32,'测试',0.01,'[]',1581134729,1581134729,''),(130,91,0,32,'测试',0.01,'[]',1581134744,1581134744,''),(131,92,0,32,'测试',0.01,'[{\"id\":33,\"title\":\"\\u7cbe\\u6d17\",\"price\":\"10.00\"}]',1581134938,1582078139,'18211111'),(132,93,0,32,'测试',0.01,'[]',1581155196,1581155196,''),(133,94,0,31,'皮革织网面',59.00,'[]',1581155348,1581155348,''),(134,95,1,31,'皮革织网面',59.00,'[]',1581155411,1581597741,''),(135,96,3,32,'测试',0.01,'[]',1582085187,1582085300,'01113'),(136,97,0,31,'皮革织网面',59.00,'[{\"id\":33,\"title\":\"\\u7cbe\\u6d17\",\"price\":\"10.00\"}]',1582090531,1582090531,''),(137,98,0,30,'翻绒混合面',69.00,'[{\"id\":33,\"title\":\"\\u7cbe\\u6d17\",\"price\":\"10.00\"}]',1582208591,1582208591,''),(138,99,0,32,'测试',0.01,'[]',1582364681,1582364681,''),(139,100,3,32,'测试',0.01,'[]',1582364682,1582982559,''),(140,101,3,30,'翻绒混合面',69.00,'[{\"id\":33,\"title\":\"\\u6df1\\u5ea6\\u7cbe\\u6d17\",\"price\":\"10.00\"}]',1582982123,1583479052,'00004'),(141,102,3,31,'皮革织网面',59.00,'[]',1583293316,1584075232,'00026'),(142,103,0,31,'皮革织网面',59.00,'[]',1583293318,1583293318,''),(143,104,0,31,'皮革织网面',59.00,'[{\"id\":33,\"title\":\"\\u6df1\\u5ea6\\u7cbe\\u6d17\",\"price\":\"10.00\"}]',1583906889,1583906889,''),(144,104,0,31,'皮革织网面',59.00,'[]',1583906889,1583906889,''),(145,105,0,34,'测试',1.00,'[]',1583907074,1583907074,''),(146,106,2,34,'测试',1.00,'[]',1583907080,1583908884,'00000'),(147,107,3,34,'测试',1.00,'[]',1583908249,1583908950,''),(148,108,3,37,'皮革网面深度精洗',69.00,'[]',1584524108,1585018603,'00022'),(149,109,3,31,'皮革织网面',49.00,'[]',1584875866,1588476922,'00030'),(150,110,3,31,'皮革织网面',49.00,'[]',1585018382,1586229921,'00035'),(151,111,3,31,'皮革织网面',49.00,'[]',1585632939,1588476907,'00029'),(152,112,0,31,'皮革织网面',49.00,'[]',1585632940,1585633104,'00006'),(153,113,3,38,'翻绒织网混合面深度精洗',79.00,'[]',1586949988,1588225459,'00017'),(154,114,0,38,'翻绒织网混合面深度精洗',79.00,'[]',1586949989,1586949989,''),(155,115,3,37,'皮革漆皮深度精洗',59.00,'[]',1587133354,1589510248,''),(156,116,3,38,'翻绒织网混合面深度精洗',79.00,'[]',1587270767,1587807087,'00040'),(157,117,3,37,'皮革漆皮深度精洗',59.00,'[{\"id\":39,\"title\":\"\\u8f7b\\u5ea6\\u9ecf\\u80f6\\uff085cm\\u4ee5\\u5185\\uff09\",\"price\":\"50.00\"}]',1587805749,1588476890,'00039'),(158,118,3,37,'皮革漆皮深度精洗',59.00,'[]',1588128380,1589212827,''),(159,118,3,37,'皮革漆皮深度精洗',59.00,'[]',1588128380,1589212828,''),(160,118,3,38,'翻绒织网混合面深度精洗',79.00,'[]',1588128380,1589212828,''),(161,119,2,37,'皮革漆皮深度精洗',59.00,'[{\"id\":40,\"title\":\"\\u4e2d\\u5ea6\\u9ecf\\u80f6\\uff0810cm\\u4ee5\\u5185\\uff09\",\"price\":\"100.00\"},{\"id\":29,\"title\":\"\\u6740\\u83cc\\u9632\\u6c34\\/\\u53bb\\u6cb9\\u53bb\\u7ee3\",\"price\":\"50.00\"}]',1588230024,1588864895,''),(162,120,3,37,'皮革漆皮深度精洗',59.00,'[]',1588477116,1589510161,'00046'),(163,120,3,37,'皮革漆皮深度精洗',59.00,'[]',1588477116,1589510161,'00047'),(164,120,3,37,'皮革漆皮深度精洗',59.00,'[]',1588477116,1589510160,'00048'),(165,121,0,37,'皮革漆皮深度精洗',59.00,'[]',1588477117,1588477117,''),(166,121,0,37,'皮革漆皮深度精洗',59.00,'[]',1588477117,1588477117,''),(167,121,0,37,'皮革漆皮深度精洗',59.00,'[]',1588477117,1588477117,''),(168,122,3,37,'皮革漆皮深度精洗',59.00,'[]',1588483317,1588929085,'00037'),(169,123,3,37,'皮革漆皮深度精洗',59.00,'[]',1588918008,1588918285,''),(170,124,0,38,'翻绒织网混合面深度精洗',79.00,'[{\"id\":29,\"title\":\"\\u6740\\u83cc\\u9632\\u6c34\\/\\u53bb\\u6cb9\\u53bb\\u7ee3\",\"price\":\"50.00\"},{\"id\":39,\"title\":\"\\u8f7b\\u5ea6\\u9ecf\\u80f6\\uff085cm\\u4ee5\\u5185\\uff09\",\"price\":\"50.00\"}]',1589189468,1589189468,''),(171,125,1,38,'翻绒织网混合面深度精洗',79.00,'[]',1589300701,1589510142,'');
/*!40000 ALTER TABLE `order_service` ENABLE KEYS */;
UNLOCK TABLES;

--
-- Table structure for table `permissions`
--

DROP TABLE IF EXISTS `permissions`;
/*!40101 SET @saved_cs_client     = @@character_set_client */;
/*!40101 SET character_set_client = utf8 */;
CREATE TABLE `permissions` (
  `id` int(10) unsigned NOT NULL AUTO_INCREMENT,
  `name` varchar(191) COLLATE utf8mb4_unicode_ci NOT NULL,
  `guard_name` varchar(191) COLLATE utf8mb4_unicode_ci NOT NULL,
  `display_name` varchar(191) COLLATE utf8mb4_unicode_ci NOT NULL,
  `route` varchar(191) COLLATE utf8mb4_unicode_ci DEFAULT NULL COMMENT '路由名称',
  `icon` varchar(191) COLLATE utf8mb4_unicode_ci DEFAULT NULL COMMENT '图标class',
  `parent_id` int(11) NOT NULL DEFAULT '0',
  `sort` int(11) NOT NULL DEFAULT '0' COMMENT '排序',
  `type` int(11) NOT NULL DEFAULT '1' COMMENT '类型：1按钮，2菜单',
  `created_at` timestamp NULL DEFAULT NULL,
  `updated_at` timestamp NULL DEFAULT NULL,
  PRIMARY KEY (`id`) USING BTREE
) ENGINE=InnoDB AUTO_INCREMENT=72 DEFAULT CHARSET=utf8mb4 COLLATE=utf8mb4_unicode_ci ROW_FORMAT=DYNAMIC COMMENT='权限表';
/*!40101 SET character_set_client = @saved_cs_client */;

--
-- Dumping data for table `permissions`
--

LOCK TABLES `permissions` WRITE;
/*!40000 ALTER TABLE `permissions` DISABLE KEYS */;
INSERT INTO `permissions` VALUES (1,'system','web','系统管理','','layui-icon-set',0,0,1,'2019-12-26 08:36:13','2019-12-26 08:36:13'),(2,'system.user','web','用户管理','admin.user','1',1,0,2,'2019-12-26 08:36:13','2019-12-26 08:36:13'),(3,'system.user.create','web','添加用户','admin.user.create','1',2,0,2,'2019-12-26 08:36:13','2019-12-26 08:36:13'),(4,'system.user.edit','web','编辑用户','admin.user.edit','1',2,0,2,'2019-12-26 08:36:13','2019-12-26 08:36:13'),(5,'system.user.destroy','web','删除用户','admin.user.destroy','1',2,0,2,'2019-12-26 08:36:13','2019-12-26 08:36:13'),(6,'system.user.role','web','分配角色','admin.user.role','1',2,0,2,'2019-12-26 08:36:13','2019-12-26 08:36:13'),(7,'system.user.permission','web','分配权限','admin.user.permission','1',2,0,2,'2019-12-26 08:36:13','2019-12-26 08:36:13'),(8,'system.role','web','角色管理','admin.role','1',1,0,2,'2019-12-26 08:36:13','2019-12-26 08:36:13'),(9,'system.role.create','web','添加角色','admin.role.create','1',8,0,2,'2019-12-26 08:36:13','2019-12-26 08:36:13'),(10,'system.role.edit','web','编辑角色','admin.role.edit','1',8,0,2,'2019-12-26 08:36:13','2019-12-26 08:36:13'),(11,'system.role.destroy','web','删除角色','admin.role.destroy','1',8,0,2,'2019-12-26 08:36:13','2019-12-26 08:36:13'),(12,'system.role.permission','web','分配权限','admin.role.permission','1',8,0,2,'2019-12-26 08:36:13','2019-12-26 08:36:13'),(13,'system.permission','web','权限管理','admin.permission','1',1,0,2,'2019-12-26 08:36:13','2019-12-26 08:36:13'),(14,'system.permission.create','web','添加权限','admin.permission.create','1',13,0,2,'2019-12-26 08:36:13','2019-12-26 08:36:13'),(15,'system.permission.edit','web','编辑权限','admin.permission.edit','1',13,0,2,'2019-12-26 08:36:13','2019-12-26 08:36:13'),(16,'system.permission.destroy','web','删除权限','admin.permission.destroy','1',13,0,2,'2019-12-26 08:36:13','2019-12-26 08:36:13'),(17,'system.config_group','web','配置组','admin.config_group','1',1,0,2,'2019-12-26 08:36:13','2019-12-26 08:36:13'),(18,'system.config_group.create','web','添加组','admin.config_group.create','1',17,0,2,'2019-12-26 08:36:13','2019-12-26 08:36:13'),(19,'system.config_group.edit','web','编辑组','admin.config_group.edit','1',17,0,2,'2019-12-26 08:36:13','2019-12-26 08:36:13'),(20,'system.config_group.destroy','web','删除组','admin.config_group.destroy','1',17,0,2,'2019-12-26 08:36:13','2019-12-26 08:36:13'),(21,'system.configuration','web','配置项','admin.configuration','1',1,0,2,'2019-12-26 08:36:13','2019-12-26 08:36:13'),(22,'system.configuration.create','web','添加组','admin.configuration.create','1',21,0,2,'2019-12-26 08:36:13','2019-12-26 08:36:13'),(23,'system.configuration.edit','web','编辑组','admin.configuration.edit','1',21,0,2,'2019-12-26 08:36:13','2019-12-26 08:36:13'),(24,'system.configuration.destroy','web','删除组','admin.configuration.destroy','1',21,0,2,'2019-12-26 08:36:13','2019-12-26 08:36:13'),(25,'system.login_log','web','登录日志','admin.login_log','1',1,0,2,'2019-12-26 08:36:13','2019-12-26 08:36:13'),(26,'system.login_log.destroy','web','删除','admin.login_log.destroy','1',25,0,2,'2019-12-26 08:36:13','2019-12-26 08:36:13'),(27,'system.operate_log','web','操作日志','admin.operate_log','1',1,0,2,'2019-12-26 08:36:13','2019-12-26 08:36:13'),(28,'system.operate_log.destroy','web','删除','admin.operate_log.destroy','1',27,0,2,'2019-12-26 08:36:13','2019-12-26 08:36:13'),(43,'banner','web','图片管理',NULL,'layui-icon-carousel',0,0,1,'2019-12-27 01:35:03','2020-02-24 09:14:02'),(44,'banner.index','web','轮播图管理','admin.banner','layui-icon-carousel',43,0,2,'2019-12-27 01:35:32','2019-12-28 03:39:05'),(45,'banner.delete','web','删除轮播图','admin.banner.delete',NULL,44,0,2,'2019-12-27 02:54:08','2019-12-27 02:54:08'),(46,'banner.create','web','添加轮播图','admin.banner.create',NULL,44,0,2,'2019-12-27 03:24:10','2019-12-27 03:24:10'),(47,'banner.edit','web','编辑轮播图','admin.banner.edit',NULL,44,0,2,'2019-12-27 03:24:31','2019-12-27 03:24:31'),(48,'service','web','服务管理',NULL,'layui-icon-list',0,0,1,'2019-12-28 03:38:03','2019-12-28 03:38:03'),(49,'service.index','web','服务管理','admin.service',NULL,48,0,2,'2019-12-28 03:38:38','2019-12-28 03:38:45'),(50,'service.delete','web','删除服务','admin.service.delete',NULL,49,0,2,'2019-12-28 06:28:30','2019-12-28 06:28:48'),(51,'service.create','web','添加服务','admin.service.create',NULL,49,0,2,'2019-12-28 06:29:27','2019-12-28 06:29:40'),(52,'service.edit','web','编辑服务','admin.service.edit',NULL,49,0,2,'2019-12-28 06:30:10','2019-12-28 06:30:10'),(53,'member','web','会员管理',NULL,'layui-icon-group',0,0,1,'2019-12-30 06:49:41','2019-12-30 06:49:41'),(54,'member.index','web','会员管理','admin.member',NULL,53,0,2,'2019-12-30 06:50:19','2019-12-30 06:50:19'),(55,'member.recharge','web','会员充值','admin.member.recharge',NULL,54,0,2,'2019-12-30 06:51:29','2019-12-30 07:19:14'),(56,'member.balance_detail_index','web','余额明细','admin.member.balance_detail_index',NULL,53,0,2,'2020-01-02 02:14:54','2020-01-02 02:14:54'),(57,'marketing','web','营销管理',NULL,'layui-icon-dollar',0,0,1,'2020-01-02 06:32:37','2020-01-02 06:32:37'),(58,'marketing.recharge.index','web','充值优惠','admin.marketing.recharge',NULL,57,0,2,'2020-01-02 06:36:19','2020-01-02 06:36:19'),(59,'marketing.recharge.delete','web','删除充值优惠','admin.marketing.recharge.delete',NULL,58,0,2,'2020-01-02 07:24:59','2020-01-02 07:24:59'),(60,'marketing.recharge.create','web','添加充值优惠','admin.marketing.recharge.create',NULL,58,0,2,'2020-01-02 07:25:24','2020-01-02 07:25:24'),(61,'marketing.recharge.edit','web','编辑充值优惠','admin.marketing.recharge.edit',NULL,58,0,2,'2020-01-02 07:25:47','2020-01-02 07:25:47'),(62,'marketing.coupon.index','web','优惠券管理','admin.marketing.coupon',NULL,57,0,2,'2020-01-03 01:35:27','2020-01-03 01:35:27'),(63,'marketing.coupon.delete','web','删除优惠券','admin.marketing.coupon.delete',NULL,62,0,2,'2020-01-03 01:54:30','2020-01-03 01:54:30'),(64,'marketing.coupon.create','web','创建优惠券','admin.marketing.coupon.create',NULL,62,0,2,'2020-01-03 02:01:49','2020-01-03 02:01:49'),(65,'marketing.coupon.edit','web','编辑优惠券','admin.marketing.coupon.edit',NULL,62,0,2,'2020-01-03 02:02:13','2020-01-03 02:02:13'),(66,'order','web','订单管理',NULL,'layui-icon-cart',0,0,1,'2020-01-03 06:15:31','2020-01-03 06:15:31'),(67,'order.index','web','订单管理','admin.order',NULL,66,0,2,'2020-01-07 01:44:13','2020-01-07 01:44:13'),(68,'order.see','web','查看订单','admin.order.see',NULL,67,0,2,'2020-01-07 06:04:09','2020-01-07 06:04:09'),(69,'order.edit','web','修改订单',NULL,NULL,67,0,2,'2020-01-07 09:00:09','2020-01-07 09:00:09'),(70,'banner.long_index','web','首页长图','admin.banner.long_index',NULL,43,0,2,'2020-02-24 08:14:19','2020-02-24 08:14:19'),(71,'banner.long_edit','web','首页长图编辑','admin.banner.long_edit',NULL,70,0,2,'2020-02-24 08:22:46','2020-02-24 08:39:49');
/*!40000 ALTER TABLE `permissions` ENABLE KEYS */;
UNLOCK TABLES;

--
-- Table structure for table `recharge_order`
--

DROP TABLE IF EXISTS `recharge_order`;
/*!40101 SET @saved_cs_client     = @@character_set_client */;
/*!40101 SET character_set_client = utf8 */;
CREATE TABLE `recharge_order` (
  `id` int(11) NOT NULL AUTO_INCREMENT,
  `member_id` int(11) NOT NULL DEFAULT '0',
  `status` tinyint(1) NOT NULL DEFAULT '0',
  `price` decimal(10,2) NOT NULL DEFAULT '0.00',
  `ordersn` varchar(255) NOT NULL DEFAULT '',
  `create_time` int(11) NOT NULL DEFAULT '0',
  `update_time` int(11) NOT NULL DEFAULT '0',
  `give` decimal(10,2) NOT NULL DEFAULT '0.00',
  PRIMARY KEY (`id`) USING BTREE
) ENGINE=InnoDB AUTO_INCREMENT=93 DEFAULT CHARSET=utf8 ROW_FORMAT=DYNAMIC;
/*!40101 SET character_set_client = @saved_cs_client */;

--
-- Dumping data for table `recharge_order`
--

LOCK TABLES `recharge_order` WRITE;
/*!40000 ALTER TABLE `recharge_order` DISABLE KEYS */;
INSERT INTO `recharge_order` VALUES (13,17,0,1.00,'RE2020011740765',1579245990,1579245990,50.00),(14,24,0,100.00,'RE2020011894486',1579345662,1579345662,50.00),(15,17,0,10.00,'RE2020012412161',1579862223,1579862223,50.00),(16,20,0,1.00,'RE2020012980035',1580298738,1580298738,50.00),(17,20,1,1.00,'RE2020020413346',1580809446,1580872702,1.00),(18,17,1,0.01,'RE2020020596818',1580867938,1580868802,0.00),(19,17,1,0.01,'RE2020020560306',1580868644,1580868653,0.00),(20,17,0,1.00,'RE2020020554728',1580880405,1580880405,1.00),(21,20,0,10.00,'RE2020022031232',1582198520,1582198520,1.00),(22,45,0,100.00,'RE2020022927712',1582987854,1582987854,1.00),(23,45,0,100.00,'RE2020022916640',1582987854,1582987854,1.00),(24,45,0,100.00,'RE2020022965590',1582987854,1582987854,1.00),(25,45,0,100.00,'RE2020022938056',1582987854,1582987854,1.00),(26,45,0,100.00,'RE2020022972097',1582987854,1582987854,1.00),(27,45,0,100.00,'RE2020022943261',1582987854,1582987854,1.00),(28,45,0,100.00,'RE2020022944424',1582987855,1582987855,1.00),(29,45,0,100.00,'RE2020022998989',1582987855,1582987855,1.00),(30,45,0,100.00,'RE2020022949118',1582987855,1582987855,1.00),(31,45,0,100.00,'RE2020022928096',1582987855,1582987855,1.00),(32,45,0,100.00,'RE2020022973977',1582987855,1582987855,1.00),(33,45,0,100.00,'RE2020022991272',1582987855,1582987855,1.00),(34,45,0,100.00,'RE2020022940312',1582987855,1582987855,1.00),(35,45,0,100.00,'RE2020022942532',1582987855,1582987855,1.00),(36,45,0,100.00,'RE2020022984323',1582987855,1582987855,1.00),(37,45,0,100.00,'RE2020022918541',1582987855,1582987855,1.00),(38,45,0,100.00,'RE2020022932242',1582987855,1582987855,1.00),(39,45,0,100.00,'RE2020022968770',1582987855,1582987855,1.00),(40,45,0,100.00,'RE2020022997721',1582987855,1582987855,1.00),(41,45,0,100.00,'RE2020022987874',1582987855,1582987855,1.00),(42,45,0,100.00,'RE2020022976683',1582987855,1582987855,1.00),(43,45,0,100.00,'RE2020022957245',1582987855,1582987855,1.00),(44,45,0,100.00,'RE2020022963390',1582987855,1582987855,1.00),(45,45,0,100.00,'RE2020022919589',1582987855,1582987855,1.00),(46,45,0,100.00,'RE2020022928847',1582987855,1582987855,1.00),(47,45,0,100.00,'RE2020022978775',1582987855,1582987855,1.00),(48,45,1,100.00,'RE2020022965415',1582987855,1582987865,1.00),(49,45,0,100.00,'RE2020022976342',1582987856,1582987856,1.00),(50,57,0,123.00,'RE2020030480404',1583302907,1583302907,0.00),(51,57,0,123.00,'RE2020030453895',1583302933,1583302933,0.00),(52,57,0,-11.00,'RE2020030438800',1583302948,1583302948,0.00),(53,57,0,-11.00,'RE2020030472799',1583302949,1583302949,0.00),(54,57,0,-11.00,'RE2020030450807',1583302949,1583302949,0.00),(55,57,0,123.00,'RE2020030495582',1583302960,1583302960,0.00),(56,57,0,-11.00,'RE2020030465163',1583302983,1583302983,0.00),(57,57,0,1.00,'RE2020030455755',1583303004,1583303004,0.00),(58,57,0,1.00,'RE2020030414318',1583303010,1583303010,0.00),(59,57,0,-1.00,'RE2020030459830',1583303021,1583303021,0.00),(60,57,0,1.10,'RE2020030486496',1583303028,1583303028,0.00),(61,57,0,99999999.99,'RE2020030460194',1583303034,1583303034,500.00),(62,57,0,99999999.99,'RE2020030487133',1583303037,1583303037,500.00),(63,57,0,99999999.99,'RE2020030472818',1583303040,1583303040,500.00),(64,57,0,99999999.99,'RE2020030475263',1583303041,1583303041,500.00),(65,57,0,99999999.00,'RE2020030487321',1583303042,1583303042,500.00),(66,57,0,9999999.00,'RE2020030478233',1583303043,1583303043,500.00),(67,57,0,9999999.00,'RE2020030412300',1583303048,1583303048,500.00),(68,57,0,-9999999.00,'RE2020030454221',1583303066,1583303066,0.00),(69,57,0,1500.00,'RE2020030421947',1583303084,1583303084,500.00),(70,57,0,1500.00,'RE2020030496880',1583303123,1583303123,500.00),(71,57,0,0.00,'RE2020030460839',1583303198,1583303198,0.00),(72,57,0,0.01,'RE2020030443147',1583303210,1583303210,0.00),(73,57,0,0.01,'RE2020030445051',1583303223,1583303223,0.00),(74,57,0,0.00,'RE2020030499405',1583303229,1583303229,0.00),(75,57,0,0.00,'RE2020030472990',1583303230,1583303230,0.00),(76,57,0,0.00,'RE2020030454449',1583303231,1583303231,0.00),(77,57,0,0.00,'RE2020030453656',1583303231,1583303231,0.00),(78,57,0,0.00,'RE2020030452745',1583303231,1583303231,0.00),(79,57,0,0.00,'RE2020030478644',1583303232,1583303232,0.00),(80,57,0,0.00,'RE2020030470090',1583303232,1583303232,0.00),(81,57,0,0.00,'RE2020030417028',1583303236,1583303236,0.00),(82,57,1,0.01,'RE2020030461193',1583303250,1583303275,0.00),(83,57,0,-9999.00,'RE2020030496731',1583303795,1583303795,0.00),(84,57,0,-9999.00,'RE2020030483616',1583303796,1583303796,0.00),(85,57,0,-9999.00,'RE2020030463967',1583303797,1583303797,0.00),(86,57,0,1.11,'RE2020030468370',1583303806,1583303806,0.00),(87,57,0,99999.00,'RE2020030457751',1583303851,1583303851,500.00),(88,57,0,0.01,'RE2020030486206',1583303889,1583303889,0.00),(89,169,0,300.00,'RE2020042834372',1588047737,1588047737,50.00),(90,176,1,200.00,'RE2020042980544',1588128889,1588128895,0.00),(91,187,0,80.00,'RE2020051389112',1589300518,1589300518,0.00),(92,187,1,79.00,'RE2020051314498',1589300523,1589300527,0.00);
/*!40000 ALTER TABLE `recharge_order` ENABLE KEYS */;
UNLOCK TABLES;

--
-- Table structure for table `role_has_permissions`
--

DROP TABLE IF EXISTS `role_has_permissions`;
/*!40101 SET @saved_cs_client     = @@character_set_client */;
/*!40101 SET character_set_client = utf8 */;
CREATE TABLE `role_has_permissions` (
  `permission_id` int(10) unsigned NOT NULL,
  `role_id` int(10) unsigned NOT NULL,
  PRIMARY KEY (`permission_id`,`role_id`) USING BTREE,
  KEY `role_has_permissions_role_id_foreign` (`role_id`) USING BTREE,
  CONSTRAINT `role_has_permissions_permission_id_foreign` FOREIGN KEY (`permission_id`) REFERENCES `permissions` (`id`) ON DELETE CASCADE,
  CONSTRAINT `role_has_permissions_role_id_foreign` FOREIGN KEY (`role_id`) REFERENCES `roles` (`id`) ON DELETE CASCADE
) ENGINE=InnoDB DEFAULT CHARSET=utf8mb4 COLLATE=utf8mb4_unicode_ci ROW_FORMAT=DYNAMIC COMMENT='角色-权限中间表';
/*!40101 SET character_set_client = @saved_cs_client */;

--
-- Dumping data for table `role_has_permissions`
--

LOCK TABLES `role_has_permissions` WRITE;
/*!40000 ALTER TABLE `role_has_permissions` DISABLE KEYS */;
INSERT INTO `role_has_permissions` VALUES (1,1),(2,1),(3,1),(4,1),(5,1),(6,1),(7,1),(8,1),(9,1),(10,1),(11,1),(12,1),(13,1),(14,1),(15,1),(16,1),(17,1),(18,1),(19,1),(20,1),(21,1),(22,1),(23,1),(24,1),(25,1),(26,1),(27,1),(28,1),(43,1),(44,1),(45,1),(46,1),(47,1);
/*!40000 ALTER TABLE `role_has_permissions` ENABLE KEYS */;
UNLOCK TABLES;

--
-- Table structure for table `roles`
--

DROP TABLE IF EXISTS `roles`;
/*!40101 SET @saved_cs_client     = @@character_set_client */;
/*!40101 SET character_set_client = utf8 */;
CREATE TABLE `roles` (
  `id` int(10) unsigned NOT NULL AUTO_INCREMENT,
  `name` varchar(191) COLLATE utf8mb4_unicode_ci NOT NULL,
  `guard_name` varchar(191) COLLATE utf8mb4_unicode_ci NOT NULL,
  `display_name` varchar(191) COLLATE utf8mb4_unicode_ci NOT NULL,
  `created_at` timestamp NULL DEFAULT NULL,
  `updated_at` timestamp NULL DEFAULT NULL,
  PRIMARY KEY (`id`) USING BTREE
) ENGINE=InnoDB AUTO_INCREMENT=2 DEFAULT CHARSET=utf8mb4 COLLATE=utf8mb4_unicode_ci ROW_FORMAT=DYNAMIC COMMENT='角色表';
/*!40101 SET character_set_client = @saved_cs_client */;

--
-- Dumping data for table `roles`
--

LOCK TABLES `roles` WRITE;
/*!40000 ALTER TABLE `roles` DISABLE KEYS */;
INSERT INTO `roles` VALUES (1,'admin','web','超级管理员','2019-12-26 08:36:13','2019-12-27 01:19:17');
/*!40000 ALTER TABLE `roles` ENABLE KEYS */;
UNLOCK TABLES;

--
-- Table structure for table `service`
--

DROP TABLE IF EXISTS `service`;
/*!40101 SET @saved_cs_client     = @@character_set_client */;
/*!40101 SET character_set_client = utf8 */;
CREATE TABLE `service` (
  `id` int(11) NOT NULL AUTO_INCREMENT,
  `sort` int(11) NOT NULL DEFAULT '0',
  `title` varchar(255) NOT NULL DEFAULT '',
  `type` tinyint(1) NOT NULL DEFAULT '0' COMMENT '1标准服务 2附加服务',
  `price` decimal(10,2) NOT NULL DEFAULT '0.00' COMMENT '服务价格',
  `create_time` int(11) NOT NULL DEFAULT '0',
  `update_time` int(11) NOT NULL DEFAULT '0',
  PRIMARY KEY (`id`) USING BTREE,
  KEY `nor_sort` (`sort`) USING BTREE,
  KEY `nor_type` (`type`) USING BTREE
) ENGINE=InnoDB AUTO_INCREMENT=50 DEFAULT CHARSET=utf8 ROW_FORMAT=DYNAMIC;
/*!40101 SET character_set_client = @saved_cs_client */;

--
-- Dumping data for table `service`
--

LOCK TABLES `service` WRITE;
/*!40000 ALTER TABLE `service` DISABLE KEYS */;
INSERT INTO `service` VALUES (29,11,'杀菌防水/去油去绣',2,50.00,1578119175,1588936355),(35,10,'塑封包装',2,20.00,1584508142,1588936351),(36,9,'橡胶祛氧化',2,125.00,1584508186,1588997409),(37,2,'皮革漆皮深度精洗',1,59.00,1584508296,1588936388),(38,3,'翻绒织网混合面深度精洗',1,79.00,1584508325,1588936374),(39,8,'轻度黏胶（5cm以内）',2,50.00,1585967137,1588936340),(40,7,'中度黏胶（10cm以内）',2,100.00,1585967162,1588936334),(41,6,'重度黏胶（10cm以上）',2,180.00,1585967197,1588936328),(42,4,'帮脚断裂（轻度）',2,98.00,1585967228,1588996673),(43,3,'更换内衬（低帮）',2,229.00,1588935425,1588936268),(44,2,'更换内衬（高帮）',2,269.00,1588935474,1588936262),(45,1,'奢侈品系列深度清洗',1,109.00,1588935530,1588936393),(46,1,'鞋面修复单色',2,168.00,1588935676,1588936249),(47,0,'鞋面修复+加色',2,69.00,1588936167,1588936167),(48,5,'断帮（中度）',2,128.00,1588936314,1588936314),(49,0,'专用服务',1,0.00,1589510080,1589510080);
/*!40000 ALTER TABLE `service` ENABLE KEYS */;
UNLOCK TABLES;

--
-- Table structure for table `tags`
--

DROP TABLE IF EXISTS `tags`;
/*!40101 SET @saved_cs_client     = @@character_set_client */;
/*!40101 SET character_set_client = utf8 */;
CREATE TABLE `tags` (
  `id` bigint(20) unsigned NOT NULL AUTO_INCREMENT,
  `name` varchar(100) COLLATE utf8mb4_unicode_ci NOT NULL COMMENT '名称',
  `sort` tinyint(4) NOT NULL DEFAULT '10' COMMENT '排序',
  `created_at` timestamp NULL DEFAULT NULL,
  `updated_at` timestamp NULL DEFAULT NULL,
  PRIMARY KEY (`id`) USING BTREE
) ENGINE=InnoDB DEFAULT CHARSET=utf8mb4 COLLATE=utf8mb4_unicode_ci ROW_FORMAT=DYNAMIC COMMENT='标签表';
/*!40101 SET character_set_client = @saved_cs_client */;

--
-- Dumping data for table `tags`
--

LOCK TABLES `tags` WRITE;
/*!40000 ALTER TABLE `tags` DISABLE KEYS */;
/*!40000 ALTER TABLE `tags` ENABLE KEYS */;
UNLOCK TABLES;

--
-- Table structure for table `users`
--

DROP TABLE IF EXISTS `users`;
/*!40101 SET @saved_cs_client     = @@character_set_client */;
/*!40101 SET character_set_client = utf8 */;
CREATE TABLE `users` (
  `id` int(10) unsigned NOT NULL AUTO_INCREMENT,
  `username` varchar(191) COLLATE utf8mb4_unicode_ci NOT NULL COMMENT '用户名',
  `phone` varchar(191) COLLATE utf8mb4_unicode_ci NOT NULL COMMENT '手机号码',
  `nickname` varchar(191) COLLATE utf8mb4_unicode_ci DEFAULT NULL COMMENT '昵称',
  `email` varchar(191) COLLATE utf8mb4_unicode_ci NOT NULL COMMENT '邮箱',
  `password` varchar(191) COLLATE utf8mb4_unicode_ci NOT NULL COMMENT '密码',
  `remember_token` varchar(100) COLLATE utf8mb4_unicode_ci DEFAULT NULL,
  `api_token` varchar(80) COLLATE utf8mb4_unicode_ci DEFAULT NULL,
  `created_at` timestamp NULL DEFAULT NULL,
  `updated_at` timestamp NULL DEFAULT NULL,
  PRIMARY KEY (`id`) USING BTREE,
  UNIQUE KEY `users_username_unique` (`username`) USING BTREE,
  UNIQUE KEY `users_phone_unique` (`phone`) USING BTREE,
  UNIQUE KEY `users_email_unique` (`email`) USING BTREE,
  UNIQUE KEY `users_api_token_unique` (`api_token`) USING BTREE
) ENGINE=InnoDB AUTO_INCREMENT=5 DEFAULT CHARSET=utf8mb4 COLLATE=utf8mb4_unicode_ci ROW_FORMAT=DYNAMIC COMMENT='用户表';
/*!40101 SET character_set_client = @saved_cs_client */;

--
-- Dumping data for table `users`
--

LOCK TABLES `users` WRITE;
/*!40000 ALTER TABLE `users` DISABLE KEYS */;
INSERT INTO `users` VALUES (1,'admin','17355105312','超级管理员','wuruiwm@qq.com','$2y$10$doqxROoP9sKD/NK7He7pJOgH9o9bNRvBf..bJTZWV9tBocwtzGwN6',NULL,'a584d5053bb147e6782e7ba2c8361bf584b868b6739dba10365ad901848d9c16','2019-12-26 08:36:13','2020-04-10 03:24:06'),(4,'roy','17311111111','管理员','roy@test.com','$2y$10$Nk8KHnhLDNKeTBmN/VSmCuO314ihwKzgFADXqCYB3VKRXa94GiVNS',NULL,NULL,'2020-01-17 06:20:26','2020-01-17 06:20:26');
/*!40000 ALTER TABLE `users` ENABLE KEYS */;
UNLOCK TABLES;
/*!40103 SET TIME_ZONE=@OLD_TIME_ZONE */;

/*!40101 SET SQL_MODE=@OLD_SQL_MODE */;
/*!40014 SET FOREIGN_KEY_CHECKS=@OLD_FOREIGN_KEY_CHECKS */;
/*!40014 SET UNIQUE_CHECKS=@OLD_UNIQUE_CHECKS */;
/*!40101 SET CHARACTER_SET_CLIENT=@OLD_CHARACTER_SET_CLIENT */;
/*!40101 SET CHARACTER_SET_RESULTS=@OLD_CHARACTER_SET_RESULTS */;
/*!40101 SET COLLATION_CONNECTION=@OLD_COLLATION_CONNECTION */;
/*!40111 SET SQL_NOTES=@OLD_SQL_NOTES */;

-- Dump completed on 2020-05-16 16:36:14
